user_id,typing_speed_mean,typing_speed_std,keystroke_interval_mean,mouse_speed_mean,actions_per_min_mean,session_duration_mean,ip_change_rate,label
user_000,8.77,6.003832109578014,0.057800000000000004,247.1,131.8,254.94,0.0,0
user_000,8.26,6.277085310874785,0.0632,126.8,123.4,341.1,0.0,0
user_000,5.897999999999999,5.11795818662091,0.08460000000000001,201.2,71.2,417.56000000000006,0.0,0
user_000,8.505999999999998,5.880546233131748,0.0632,158.94,114.4,263.04,0.0,1
user_000,5.848,4.762731989100373,0.07780000000000001,208.18,77.2,399.34000000000003,0.2,0
user_000,5.848,4.762731989100374,0.08940000000000001,214.2,78.6,424.8,0.2,0
user_000,5.723999999999999,4.818280191105536,0.0906,231.38000000000002,76.8,447.02,0.4,0
user_000,5.342,5.0139381727340835,0.09580000000000001,214.98000000000002,77.4,533.94,0.4,0
user_000,2.9160000000000004,0.4687259327154836,0.121,258.52000000000004,34.0,651.0600000000001,0.6,0
user_000,3.1460000000000004,0.6034434521974698,0.1326,279.18,34.0,668.5,0.6,0
user_000,5.858,5.494114669353016,0.1068,232.24,74.8,581.22,0.6,1
user_000,5.6579999999999995,5.5996871341174055,0.1026,228.38000000000002,73.0,536.94,0.4,0
user_000,5.648000000000001,5.606144486186564,0.10220000000000003,238.66000000000003,71.6,524.38,0.4,0
user_000,5.65,5.60527251790669,0.1022,261.15999999999997,68.4,563.88,0.4,0
user_000,5.446,5.682550835672304,0.09179999999999999,246.1,70.2,544.36,0.2,0
user_000,2.726,0.47751858602571695,0.10979999999999998,308.54,26.6,614.94,0.2,0
user_000,5.973999999999999,6.312972675372515,0.0968,251.6,80.4,534.52,0.2,1
user_000,6.074,6.2530651683794245,0.086,251.73999999999995,81.8,492.41999999999996,0.2,0
user_000,8.634,7.116989813116217,0.06060000000000001,185.7,126.8,335.8,0.2,1
user_000,8.732,7.0403193109403785,0.0612,195.04,125.0,346.53999999999996,0.2,0
user_000,8.588000000000001,7.158771961726397,0.05840000000000001,184.2,128.8,437.84,0.2,0
user_001,3.59,1.355949851580065,0.0908,365.06,45.8,454.4,0.8,1
user_001,5.644,4.161435329306464,0.074,618.0200000000001,73.8,378.97999999999996,0.6,1
user_001,5.564,4.199974285635568,0.0764,591.6400000000001,73.6,345.23999999999995,0.4,0
user_001,6.608,3.87521044589839,0.06820000000000001,657.64,85.0,267.21999999999997,0.6,1
user_001,6.74,3.7458617166147494,0.0754,657.52,85.2,213.16,0.6,0
user_001,9.196000000000002,5.909086562236163,0.06920000000000001,527.42,110.2,191.06,0.4,1
user_001,7.040000000000001,5.904706597283221,0.0906,295.58000000000004,82.0,342.08000000000004,0.4,0
user_001,7.082000000000001,5.8792870316051085,0.08280000000000001,309.98,80.4,342.56,0.6,0
user_001,6.2299999999999995,6.071210752395274,0.0972,227.56,65.6,475.4200000000001,0.4,0
user_001,6.1160000000000005,6.130780048248346,0.089,243.93999999999997,66.0,492.7799999999999,0.4,0
user_001,3.218,0.46244567248488766,0.10379999999999998,297.58,31.6,571.5000000000001,0.6,0
user_001,3.286,0.4090770098648908,0.1048,281.38,32.6,571.5799999999999,0.6,0
user_001,6.122,5.841227268305866,0.0892,221.06000000000003,65.8,514.66,0.4,1
user_001,6.272,5.772983284230087,0.0876,255.7,69.8,458.2,0.4,0
user_001,9.081999999999999,6.696050776390514,0.07339999999999999,178.07999999999998,104.8,358.94,0.2,1
user_001,8.870000000000001,6.872172873262139,0.08380000000000001,198.48000000000002,103.2,353.26,0.0,0
user_001,9.014,6.755899940052399,0.0824,189.7,105.0,334.82,0.0,0
user_001,5.859999999999999,5.489728590741076,0.098,251.64000000000001,73.0,440.66,0.0,0
user_001,8.068,6.412121021939621,0.077,378.14,91.2,347.88,0.2,1
user_001,5.4159999999999995,4.816470076726316,0.0988,452.1,58.0,437.7,0.2,0
user_001,7.396000000000001,5.344176643787143,0.0744,641.7,79.0,365.21999999999997,0.2,1
user_002,6.406000000000001,4.923277769941485,0.08820000000000001,566.34,61.4,312.2,0.2,0
user_002,5.42,4.81964728999955,0.09480000000000001,445.03999999999996,52.6,378.0,0.2,0
user_002,6.268000000000001,4.635978429630578,0.08,521.96,71.2,327.28000000000003,0.4,1
user_002,6.208,4.67397646549488,0.0774,545.58,72.2,365.08000000000004,0.6,0
user_002,3.7159999999999997,1.7368085674592926,0.0938,370.52,52.6,500.28000000000003,0.6,0
user_002,4.872,2.112774479209743,0.075,451.02,67.4,397.68000000000006,0.4,1
user_002,4.581999999999999,2.3085008122155815,0.08259999999999999,442.06000000000006,64.2,425.64000000000004,0.6,0
user_002,3.914,1.9909254129675475,0.0974,366.4599999999999,48.6,459.0400000000001,0.4,0
user_002,4.04,1.9576107886911536,0.09640000000000001,365.02000000000004,48.8,496.64,0.2,0
user_002,4.07,1.934952195791927,0.0944,391.4,51.6,483.9,0.4,0
user_002,3.532,0.936790264680414,0.09240000000000001,423.14,51.4,486.7,0.4,1
user_002,3.56,0.9074579880082604,0.09540000000000001,430.73999999999995,52.4,501.26000000000005,0.4,0
user_002,5.926,4.837828438462861,0.0716,362.65999999999997,104.0,440.4,0.4,1
user_002,8.809999999999999,6.651210416157348,0.05840000000000001,299.49999999999994,138.0,307.58,0.6,1
user_002,8.964,6.514542501204517,0.0568,276.17999999999995,137.4,289.36,0.6,0
user_002,8.372,6.956465769340061,0.06500000000000002,185.32,123.2,371.88,0.6,0
user_002,8.518000000000002,6.841553624725893,0.054200000000000005,211.06,123.8,327.15999999999997,0.4,0
user_002,6.0520000000000005,6.086172524666058,0.079,277.46,73.2,458.52,0.6,0
user_002,5.93,5.842889696032263,0.07880000000000001,277.46,84.4,456.38,0.4,1
user_002,5.811999999999999,5.8978857228671355,0.0816,275.74,81.6,418.12,0.2,0
user_002,5.9159999999999995,5.836840241089351,0.0824,241.0,79.8,484.26000000000005,0.2,0
user_003,3.214,0.7078304881820222,0.11120000000000001,279.08,37.8,713.4200000000001,0.8,0
user_003,3.3,0.6180614856144977,0.12,266.88,37.4,755.08,0.6,0
user_003,3.4799999999999995,0.4118252056394801,0.1254,277.0,37.6,664.6800000000001,0.6,0
user_003,3.782,0.8423633420324036,0.11440000000000002,357.47999999999996,52.0,575.14,0.4,1
user_003,3.5739999999999994,0.9552926253248271,0.11440000000000002,366.38,49.2,464.67999999999995,0.4,0
user_003,4.4479999999999995,2.1261364020212814,0.0958,428.0,63.8,359.98,0.2,1
user_003,4.666,1.995821635317144,0.0874,426.38,65.0,327.26,0.2,0
user_003,4.586,2.058024295289052,0.08399999999999999,423.35999999999996,63.4,353.28000000000003,0.2,0
user_003,4.078,2.136028089702942,0.1022,355.9,46.2,411.0799999999999,0.2,0
user_003,4.215999999999999,2.0615974388808302,0.1034,350.0,47.6,472.4,0.2,0
user_003,3.162,0.41121284026644883,0.11520000000000001,274.82,32.8,554.74,0.4,0
user_003,3.396,0.8482122375915122,0.11200000000000002,343.58000000000004,37.2,467.94000000000005,0.6,1
user_003,3.496,0.806389484058417,0.11080000000000001,340.25999999999993,39.8,472.23999999999995,0.6,0
user_003,3.4659999999999997,0.8361961492377252,0.1046,353.52,39.6,557.14,0.8,0
user_003,3.5060000000000002,0.8349514955971994,0.0958,381.24,37.6,612.5400000000001,0.6,0
user_003,3.3300000000000005,1.0013391034010408,0.1008,391.18,36.0,579.88,0.6,0
user_003,2.78,0.5759166606376309,0.11400000000000002,330.41999999999996,27.8,611.02,0.6,0
user_003,2.79,0.5860716679724417,0.1082,343.58000000000004,25.0,566.96,0.6,0
user_003,3.34,1.1547640451624739,0.1016,419.14,32.4,430.53999999999996,0.6,1
user_003,4.864,3.3607058782345116,0.08960000000000001,601.08,58.2,259.53999999999996,0.8,1
user_003,4.876,3.3509437476627384,0.09000000000000001,601.5799999999999,58.0,354.26,0.6,0
user_004,2.8500000000000005,0.6296030495478877,0.1166,275.38,29.4,559.9799999999999,0.8,0
user_004,2.8360000000000003,0.6440683193575042,0.1122,283.6,28.4,600.26,1.0,0
user_004,3.04,0.5814808681289524,0.11139999999999999,289.80000000000007,30.8,681.6,1.0,0
user_004,3.2640000000000002,0.6567373904385223,0.10559999999999999,302.25999999999993,35.4,729.1800000000001,1.0,0
user_004,5.756,5.347046287437579,0.091,223.46000000000004,86.4,566.5600000000001,1.0,1
user_004,5.636,5.412535819742906,0.08080000000000001,234.92,86.6,601.46,1.0,0
user_004,5.886,5.272811773617565,0.08600000000000001,238.61999999999998,87.6,619.26,0.8,0
user_004,8.504000000000001,6.439604335671564,0.0632,162.57999999999998,125.6,456.36,0.6,1
user_004,8.5,6.442456053400752,0.0726,171.34,121.2,391.86,0.4,0
user_004,5.9719999999999995,5.213111930507536,0.0948,217.94,72.0,492.7200000000001,0.2,0
user_004,9.290000000000001,6.921517174724051,0.079,163.51999999999998,117.0,318.64,0.2,1
user_004,9.309999999999999,6.904592674445032,0.077,184.3,116.4,346.9,0.4,0
user_004,6.628,6.21959291272347,0.0974,235.24,76.6,409.0,0.4,0
user_004,6.524000000000001,6.268494556111539,0.09459999999999999,240.7,76.8,465.73999999999995,0.4,0
user_004,7.390000000000001,6.122849010060595,0.0844,365.08000000000004,83.4,382.34000000000003,0.4,1
user_004,4.061999999999999,2.0451542729095036,0.1,416.06000000000006,38.4,465.52,0.2,0
user_004,4.03,2.054925789414304,0.10300000000000001,397.21999999999997,36.6,367.58000000000004,0.2,0
user_004,4.042,2.048691289579765,0.1038,419.5400000000001,37.0,460.8,0.4,0
user_004,3.9859999999999998,2.0697400802999395,0.1042,424.6,41.4,464.93999999999994,0.6,0
user_004,5.85,5.7830995149660005,0.09280000000000001,253.61999999999998,83.0,449.0,0.8,1
user_004,6.089999999999999,5.6589256930975855,0.1018,267.34000000000003,82.6,463.64,0.8,0
user_005,10.96,6.658816711698858,0.05539999999999999,400.28000000000003,150.2,233.63999999999996,0.6,0
user_005,7.984,6.177512768096881,0.07559999999999999,463.68,98.2,307.76,0.6,0
user_005,7.95,6.202789694967902,0.0706,459.46000000000004,95.8,365.1,0.8,0
user_005,4.934,3.6843593744367555,0.09659999999999999,523.5400000000001,62.6,423.21999999999997,1.0,0
user_005,5.642,5.099981960752411,0.093,246.64000000000001,77.0,409.66,0.8,1
user_005,5.664,5.08871928877984,0.0958,235.54000000000002,76.6,412.4,0.6,0
user_005,5.651999999999999,5.0948892038983535,0.099,213.72000000000003,79.4,453.4799999999999,0.6,0
user_005,5.672000000000001,5.085726693403805,0.1036,206.17999999999998,82.0,355.88,0.4,0
user_005,5.5760000000000005,5.138943860366641,0.1012,212.04000000000002,82.2,376.1,0.2,0
user_005,4.7780000000000005,3.546070501273205,0.1034,473.86,69.6,383.46,0.2,1
user_005,4.856,3.512432775157412,0.0966,469.71999999999997,68.2,422.2,0.4,0
user_005,4.992000000000001,3.4509500141265446,0.09740000000000001,469.35999999999996,66.8,418.14,0.2,0
user_005,4.930000000000001,3.481999425617414,0.09359999999999999,473.84000000000003,64.6,432.7,0.4,0
user_005,7.984,5.90719425785203,0.07,403.9,113.8,351.54,0.4,1
user_005,6.062,5.900031864320734,0.09440000000000001,205.82000000000002,79.0,444.6,0.4,0
user_005,9.012,7.378724551031837,0.08020000000000001,155.71999999999997,133.6,307.35999999999996,0.2,1
user_005,8.908000000000001,7.456260188593206,0.08020000000000001,171.76,133.8,299.14,0.2,0
user_005,8.828,7.5203388221542244,0.0894,185.3,137.6,337.03999999999996,0.0,0
user_005,5.796,6.228972949050268,0.11480000000000001,225.6,88.6,411.41999999999996,0.2,0
user_005,5.845999999999999,6.201169567105869,0.1046,209.32,92.6,476.41999999999996,0.2,0
user_005,4.2780000000000005,3.0694325208415973,0.1062,450.36,63.8,487.16,0.2,1
user_006,3.088,0.47144034617329905,0.11379999999999998,320.78000000000003,33.6,682.1200000000001,0.6,0
user_006,3.586,1.3832801596206028,0.1014,386.24,49.8,543.3,0.8,1
user_006,3.508,1.4505502404260255,0.11279999999999998,372.4,45.2,467.62,1.0,0
user_006,3.35,1.530477049811594,0.10619999999999999,343.52,47.2,501.75999999999993,1.0,0
user_006,6.231999999999999,5.615269895561566,0.0862,283.21999999999997,89.6,385.28000000000003,1.0,1
user_006,8.296000000000001,6.0763824764410606,0.063,533.02,122.4,228.69999999999996,1.0,1
user_006,10.222,6.632849764618523,0.0526,390.86,147.2,215.79999999999995,1.0,1
user_006,10.216000000000001,6.640176503678196,0.0498,411.08000000000004,147.8,229.45999999999998,0.8,0
user_006,10.226,6.6282444131157385,0.052000000000000005,439.0,147.6,235.63999999999996,0.6,0
user_006,7.358,6.1347775835803535,0.0782,494.7,103.4,342.78,0.6,0
user_006,5.298,5.325153143337757,0.1032,266.36,68.6,477.24000000000007,0.4,0
user_006,4.618,3.971717009052886,0.10500000000000001,556.3199999999999,57.8,481.43999999999994,0.2,1
user_006,4.96,3.8105222739146924,0.1028,527.88,58.0,497.17999999999995,0.4,0
user_006,5.186,3.679079232634166,0.11040000000000001,501.96000000000004,58.2,508.82000000000005,0.6,0
user_006,5.256,3.6345541679826425,0.11079999999999998,517.8,57.8,544.86,0.6,0
user_006,8.276,6.217921196026852,0.08560000000000001,452.84,100.2,397.34,0.8,1
user_006,7.2299999999999995,5.846492965872789,0.0952,335.48,81.6,405.28,0.8,1
user_006,10.004000000000001,6.78141755092547,0.07260000000000001,290.8,134.0,310.96,0.8,1
user_006,9.912,6.872086728207088,0.07039999999999999,303.6,131.8,323.23999999999995,0.6,0
user_006,9.986,6.799622342454028,0.0668,299.82,131.4,318.9,0.4,0
user_006,9.88,6.66846908967868,0.0668,299.82,139.6,320.76,0.2,1
user_007,5.406000000000001,3.142111392041982,0.0738,631.36,67.0,423.32,0.6,1
user_007,6.005999999999999,2.786694098748552,0.0658,750.18,83.6,381.02,0.6,1
user_007,5.904,2.8958287242169556,0.0632,734.82,83.6,341.76000000000005,0.4,0
user_007,5.688,3.1216815981134274,0.06639999999999999,730.1800000000001,86.8,303.5,0.4,0
user_007,7.236,5.095266823238995,0.0596,575.6,121.2,293.36,0.4,1
user_007,5.696,5.072851663512348,0.07799999999999999,361.06000000000006,102.4,414.37999999999994,0.4,0
user_007,5.0200000000000005,5.281507360593186,0.0928,240.64000000000001,88.6,498.0799999999999,0.4,0
user_007,7.906000000000001,6.898433445355547,0.0762,191.54000000000002,131.4,396.88,0.4,1
user_007,9.762,6.312889671141101,0.05840000000000001,340.68,157.0,270.58000000000004,0.4,1
user_007,9.610000000000001,6.178944893750065,0.058800000000000005,582.14,135.6,279.02000000000004,0.4,1
user_007,11.574,5.140698785184753,0.0424,719.3399999999999,162.4,155.1,0.4,1
user_007,11.919999999999998,4.508755925973372,0.0324,717.04,160.0,140.62,0.4,0
user_007,9.236,4.625120971390911,0.0528,768.8,118.0,248.34,0.4,0
user_007,8.378,4.54314164428097,0.0606,691.5800000000002,103.8,276.56,0.4,1
user_007,6.497999999999999,3.2547528323975694,0.06799999999999999,574.6600000000001,79.8,285.56,0.4,1
user_007,4.504,1.5879874054916179,0.0886,424.3,54.2,456.52,0.6,0
user_007,6.5840000000000005,4.11079846258607,0.0752,617.48,83.0,357.86,0.8,1
user_007,6.3420000000000005,4.306192749982285,0.0764,606.5000000000001,83.6,344.18,0.8,0
user_007,5.55,4.455522416058525,0.09419999999999999,524.72,69.6,381.76,0.8,0
user_007,4.965999999999999,4.623788922517981,0.11040000000000001,474.4,63.2,532.3199999999999,0.8,0
user_007,5.236,4.51231470533694,0.1034,474.32000000000005,63.2,522.4,0.8,0
user_008,3.6599999999999993,1.4125013274330045,0.0962,408.43999999999994,42.2,428.02,0.8,1
user_008,3.88,1.2130787278655906,0.10880000000000001,418.9599999999999,41.8,471.46000000000004,0.8,0
user_008,3.7339999999999995,1.2628475759172204,0.1102,418.76000000000005,46.6,404.30000000000007,0.8,0
user_008,3.654,1.3375440179672593,0.1182,442.96000000000004,44.6,483.14000000000004,1.0,0
user_008,4.467999999999999,2.1093069952000825,0.11040000000000001,523.78,59.2,400.64,0.8,1
user_008,3.742,2.017834482805763,0.1206,424.0200000000001,48.8,466.68,0.6,0
user_008,6.126,4.887480332441247,0.0922,365.17999999999995,92.8,352.1,0.4,1
user_008,6.214,4.834437299210737,0.0854,362.53999999999996,92.0,342.20000000000005,0.4,0
user_008,6.524000000000001,4.617044942384685,0.0796,338.48,92.2,264.9,0.4,0
user_008,5.444,4.8350536708499945,0.093,230.02000000000004,76.6,387.58000000000004,0.4,0
user_008,5.362,4.886640563822962,0.097,221.44,75.0,449.08000000000004,0.4,0
user_008,5.65,5.458142541194761,0.09820000000000001,221.44,83.2,449.86,0.6,1
user_008,5.74,5.4248981557260585,0.0964,215.48000000000002,79.8,493.6,0.6,0
user_008,5.438000000000001,5.563090507982051,0.1024,234.01999999999998,79.6,506.5200000000001,0.6,0
user_008,5.622,5.4717141738215815,0.0986,244.48000000000002,80.4,501.37999999999994,0.8,0
user_008,5.792,5.373209096992224,0.0964,244.4,81.0,424.21999999999997,1.0,0
user_008,5.572,4.935367868761153,0.09480000000000001,244.4,71.6,423.4799999999999,1.0,1
user_008,5.426,4.992837269529221,0.098,228.7,74.2,375.12000000000006,1.0,0
user_008,5.742,4.833720720107855,0.0924,202.24,74.8,461.32000000000005,1.0,0
user_008,5.784000000000001,4.8127522271565155,0.097,214.82,77.6,450.4,0.8,0
user_008,5.978,4.714769983785,0.1,223.28000000000003,78.0,554.56,0.8,0
user_009,5.794,6.127507160338533,0.0998,260.5,78.0,441.1,0.4,1
user_009,6.132,5.957571317239937,0.0974,241.14000000000001,78.0,382.24000000000007,0.4,0
user_009,6.068,5.993023944554201,0.1006,267.93999999999994,81.6,435.1,0.2,0
user_009,7.818,6.356361852506511,0.0748,477.82,111.2,290.0,0.2,1
user_009,8.144,6.091537080245018,0.06860000000000001,491.9,112.4,331.64,0.4,0
user_009,5.322000000000001,3.6670391325973055,0.084,532.28,67.8,435.0,0.4,0
user_009,7.048,4.472804042208869,0.06520000000000001,762.0,85.2,372.26,0.6,1
user_009,7.056,4.4649237395503185,0.065,759.68,83.6,296.97999999999996,0.8,0
user_009,5.078,3.6950529089581385,0.08120000000000001,523.88,51.4,357.73999999999995,0.6,0
user_009,4.7379999999999995,3.8762941064888254,0.09480000000000002,506.02,52.2,358.65999999999997,0.4,0
user_009,6.087999999999999,4.469010628763373,0.08360000000000001,745.4399999999999,77.4,261.47999999999996,0.6,1
user_009,4.4,3.1717692223741625,0.10740000000000001,522.12,58.0,435.0799999999999,0.4,0
user_009,4.564,3.098429279489851,0.101,508.88,59.0,494.73999999999995,0.2,0
user_009,4.628,3.062570162461588,0.1002,504.08000000000004,59.8,512.0600000000001,0.4,0
user_009,7.0,4.42802439017673,0.0738,652.74,85.8,411.66,0.6,1
user_009,7.394,4.804258943895509,0.07239999999999999,625.4399999999999,84.2,413.7,0.6,1
user_009,7.280000000000001,4.890382398136162,0.0622,634.04,82.8,369.76,0.8,0
user_009,10.329999999999998,6.164968775265613,0.046400000000000004,577.9799999999999,128.0,242.32,0.8,1
user_009,10.16,6.372161328780055,0.055400000000000005,581.54,128.0,225.26,0.8,0
user_009,8.120000000000001,6.480095678305991,0.0684,428.91999999999996,103.6,344.76,0.6,0
user_009,7.688,6.235066639579724,0.06760000000000001,413.67999999999995,111.0,344.0,0.6,1
user_010,5.452,4.902466318089294,0.08619999999999998,258.46,72.0,635.24,0.8,0
user_010,3.0820000000000003,0.32658230203120314,0.10919999999999999,323.2,29.8,714.6200000000001,0.6,0
user_010,3.16,0.41942818217187067,0.1216,307.78000000000003,32.8,609.3,0.6,0
user_010,3.282,0.451371244099577,0.1122,321.26,34.8,626.1,0.4,0
user_010,3.3880000000000003,0.4652483207922409,0.1156,286.38,33.6,595.96,0.2,0
user_010,3.682,0.18486752013266142,0.1222,290.36,35.8,593.76,0.4,0
user_010,3.4560000000000004,0.6086575391794634,0.1166,266.36,36.4,686.6200000000001,0.4,0
user_010,3.2400000000000007,0.652502873556891,0.11200000000000002,285.02,36.2,798.46,0.2,0
user_010,5.2,4.16655253177012,0.095,438.78000000000003,56.0,653.5600000000001,0.4,1
user_010,5.151999999999999,4.185357332414999,0.0944,440.84,58.2,585.0000000000001,0.4,0
user_010,5.108,4.198792207290092,0.0992,469.2,54.2,564.4599999999999,0.4,0
user_010,5.2940000000000005,4.087637948742525,0.1006,471.08000000000004,52.6,487.73999999999995,0.6,0
user_010,8.246,6.011068457437497,0.0792,393.79999999999995,95.8,317.28000000000003,0.8,1
user_010,7.715999999999999,5.634794051249789,0.08080000000000001,458.14,95.0,318.28,0.8,1
user_010,9.559999999999999,5.432181882080164,0.06360000000000002,645.6600000000001,116.6,257.78000000000003,0.8,1
user_010,9.484,5.515101449656208,0.059199999999999996,617.8399999999999,119.2,295.65999999999997,0.6,0
user_010,9.258000000000001,5.784940449131693,0.064,651.6,120.0,333.43999999999994,0.4,0
user_010,6.33,4.454714356723673,0.0804,730.96,72.6,429.91999999999996,0.2,0
user_010,6.895999999999999,5.116114150407514,0.0816,656.5600000000001,75.0,428.24000000000007,0.0,1
user_010,4.993999999999999,4.335304372244237,0.0988,488.43999999999994,51.4,507.7,0.0,0
user_010,4.757999999999999,4.448471198063443,0.09179999999999999,495.64,51.6,483.44000000000005,0.2,0
user_011,4.446,1.6694981281810408,0.0834,438.08000000000004,54.4,385.62,0.4,0
user_011,4.311999999999999,1.7831365623529791,0.09140000000000001,471.18,55.0,472.3,0.6,0
user_011,3.632,1.2559840763321801,0.10980000000000001,361.12,40.6,628.76,0.8,0
user_011,3.464,1.3647065618659566,0.1136,379.4,40.2,600.4399999999999,1.0,0
user_011,2.9579999999999997,0.48905623398541814,0.13,283.68,29.8,651.3999999999999,1.0,0
user_011,2.912,0.5002159533641446,0.12079999999999999,271.00000000000006,31.2,618.0600000000001,0.8,0
user_011,3.186,0.6071111924515971,0.11380000000000001,264.32,33.0,533.14,0.6,0
user_011,5.664,5.122392409802279,0.08880000000000002,218.48000000000002,81.6,357.47999999999996,0.6,1
user_011,5.965999999999999,4.9557828846712,0.09019999999999999,218.42,79.4,401.03999999999996,0.6,0
user_011,6.0040000000000004,4.937807610670954,0.087,247.57999999999998,82.2,488.28000000000003,0.4,0
user_011,5.896,5.014206218336058,0.0992,266.34000000000003,82.2,503.9,0.6,0
user_011,5.763999999999999,5.072051261570609,0.1038,267.88,81.4,566.86,0.8,0
user_011,3.2340000000000004,0.5871490441106074,0.1276,327.06000000000006,34.2,650.42,0.6,0
user_011,3.2660000000000005,0.6200193545366144,0.124,309.68,37.0,617.3799999999999,0.6,0
user_011,2.936,0.7121685193828776,0.1162,278.46,37.8,547.02,0.6,0
user_011,5.5,4.777472134926587,0.0934,481.6,68.2,441.58000000000004,0.6,1
user_011,7.062,5.067501948692275,0.0736,632.7,87.4,304.16,0.4,1
user_011,7.172,4.987598219584251,0.0746,643.22,87.6,353.32,0.4,0
user_011,7.0760000000000005,5.052882741564463,0.0806,656.14,86.6,405.32000000000005,0.2,0
user_011,7.290000000000001,4.8560065897813605,0.0846,684.3199999999999,83.6,482.71999999999997,0.4,0
user_011,6.014,3.2355253051088937,0.08940000000000001,555.88,67.0,496.7,0.2,1
user_012,5.1080000000000005,3.2345348970137886,0.08259999999999999,590.2,58.0,442.17999999999995,1.0,0
user_012,6.890000000000001,3.8279864158588652,0.06620000000000001,744.6400000000001,82.8,301.04,0.8,1
user_012,6.2780000000000005,4.220935441344727,0.0824,627.78,73.4,392.23999999999995,0.8,0
user_012,6.2620000000000005,4.234408577357646,0.0868,628.5,76.2,403.70000000000005,0.8,0
user_012,4.794,3.4546930399096247,0.101,438.34,60.8,531.22,0.6,0
user_012,5.42,3.410560071307937,0.0918,549.28,79.4,427.76000000000005,0.4,1
user_012,6.68,5.799268919441484,0.09040000000000001,336.2,98.6,423.12,0.6,1
user_012,6.9799999999999995,5.609413516580855,0.07980000000000001,327.76,95.6,375.4,0.4,0
user_012,7.025999999999999,5.574716495033626,0.08120000000000001,323.16,95.0,375.02,0.4,0
user_012,7.795999999999999,5.351170339280931,0.07199999999999998,417.58000000000004,109.8,258.47999999999996,0.6,1
user_012,9.462,5.931756569516318,0.0654,537.48,121.8,233.32,0.6,1
user_012,9.364,5.793481164205161,0.0648,537.48,126.4,233.87999999999997,0.6,1
user_012,11.702000000000002,5.496094613450537,0.0484,488.23999999999995,172.2,162.44,0.8,1
user_012,11.792,5.353045488317842,0.049,479.36,170.4,111.02000000000001,0.8,0
user_012,10.736,6.453862719333284,0.06799999999999999,380.78,150.8,255.48000000000002,0.6,0
user_012,8.562000000000001,6.562095397051159,0.089,153.85999999999999,123.0,405.0,0.8,0
user_012,7.938,5.7912741257861375,0.091,365.17999999999995,99.4,417.26000000000005,0.8,1
user_012,5.446,4.4601192809161505,0.11879999999999999,438.25999999999993,56.6,552.18,0.8,0
user_012,5.862,4.340623918286402,0.1012,574.46,64.2,497.0799999999999,0.6,1
user_012,6.114,4.169587989238265,0.1018,594.3399999999999,68.2,464.5400000000001,0.8,0
user_012,8.074,4.902426338049354,0.08180000000000001,774.88,85.6,316.86,0.8,1
user_013,7.882,6.080833495500431,0.077,465.2,111.0,349.14,0.2,1
user_013,8.558,5.748235903301117,0.0616,570.36,115.6,212.38000000000002,0.0,1
user_013,8.418,5.8946463846442905,0.06219999999999999,559.6,111.8,236.61999999999998,0.2,0
user_013,6.55,5.996442278551507,0.0812,345.84,84.4,383.6,0.4,0
user_013,6.6,5.96919760101808,0.087,328.78000000000003,87.8,426.52,0.4,0
user_013,3.754,1.739983907971565,0.101,406.96000000000004,37.8,591.2,0.6,0
user_013,2.778,0.7082767820562806,0.11879999999999999,283.94,29.8,643.6600000000001,0.8,0
user_013,3.0140000000000002,0.6171093906269779,0.1214,295.54,32.4,644.34,0.8,0
user_013,5.096000000000001,3.941799589020223,0.1012,511.52,48.2,494.06000000000006,0.6,1
user_013,4.973999999999999,4.000172996259037,0.08959999999999999,518.04,46.0,464.14000000000004,0.8,0
user_013,4.826,4.054560888678329,0.0986,484.14,47.2,375.12,0.8,0
user_013,5.17,3.8795721413578583,0.09159999999999999,473.56000000000006,51.2,421.17999999999995,0.8,0
user_013,4.942,4.017916873206812,0.093,484.82000000000005,52.8,433.86,0.6,0
user_013,2.9679999999999995,0.5587271248113878,0.11499999999999999,284.8,35.4,559.8999999999999,0.6,0
user_013,4.814,3.665179941012447,0.1026,527.5600000000001,69.0,488.8,0.6,1
user_013,4.706,3.723066478052736,0.0968,552.5600000000001,67.8,517.4200000000001,0.6,0
user_013,4.606,3.751589529786008,0.09219999999999999,574.0400000000001,63.6,502.28000000000003,0.6,0
user_013,4.65,3.723004163306832,0.08659999999999998,570.76,59.2,451.71999999999997,0.8,0
user_013,6.14,4.232441375849168,0.06420000000000001,763.22,90.4,328.96,1.0,1
user_013,6.959999999999999,5.50562984589411,0.06100000000000001,473.21999999999997,101.8,323.26,1.0,1
user_013,9.446000000000002,5.736492308022386,0.04340000000000001,673.46,134.4,221.74,1.0,1
user_014,2.6839999999999997,0.39393400462514017,0.11539999999999999,276.0,32.0,652.3399999999999,0.4,0
user_014,2.7660000000000005,0.46461166580274316,0.1126,288.34,27.8,659.78,0.4,0
user_014,2.744,0.49220321006673645,0.1076,279.71999999999997,27.0,654.74,0.4,0
user_014,2.824,0.4833466664827636,0.0994,278.38,26.0,731.3399999999999,0.6,0
user_014,2.988,0.4674783417442993,0.10500000000000001,282.41999999999996,24.6,643.12,0.8,0
user_014,3.6799999999999997,1.6189996911673576,0.1006,357.67999999999995,33.4,517.06,0.8,1
user_014,5.494,3.7953792959334116,0.08080000000000001,516.6800000000001,53.8,447.05999999999995,1.0,1
user_014,5.781999999999999,3.575155381238695,0.079,529.0200000000001,57.2,434.2200000000001,0.8,0
user_014,5.632,3.7050419700726733,0.0888,511.62000000000006,59.6,379.64000000000004,0.6,0
user_014,5.441999999999999,3.8430841781048715,0.079,509.5,62.2,399.62,0.6,0
user_014,4.6259999999999994,3.900828629919545,0.08360000000000001,446.12,53.6,481.23999999999995,0.4,0
user_014,2.8820000000000006,0.6095375296074885,0.1,311.84,36.2,590.28,0.4,0
user_014,5.093999999999999,4.78061753333186,0.08460000000000001,544.2,54.6,470.6,0.4,1
user_014,5.104,4.774560084447571,0.0854,554.3199999999999,56.2,473.67999999999995,0.6,0
user_014,7.362,5.533365702716566,0.0712,730.8199999999999,74.4,387.08,0.6,1
user_014,7.380000000000001,5.518362075833734,0.07239999999999999,721.14,76.2,440.8,0.6,0
user_014,7.279999999999999,5.589125155156216,0.0814,706.4399999999999,77.0,416.55999999999995,0.6,0
user_014,5.002,4.318047707008342,0.0954,483.15999999999997,57.4,482.38,0.8,0
user_014,5.1579999999999995,4.228240295915075,0.08959999999999999,473.8,56.8,433.1,0.6,0
user_014,3.028,0.14176036117335478,0.10999999999999999,301.9,36.6,554.0600000000001,0.4,0
user_014,3.252,0.3509073951913811,0.11359999999999999,286.58000000000004,35.8,544.3199999999999,0.4,0
user_015,9.61,5.3247610275016095,0.058800000000000005,509.84,121.2,170.5,0.2,1
user_015,8.739999999999998,5.3182215072334085,0.0674,478.64,108.4,180.36,0.0,1
user_015,8.55,5.5222350547581724,0.0744,510.1,108.2,173.01999999999998,0.0,0
user_015,6.0920000000000005,4.212241208667899,0.09419999999999999,557.88,63.6,293.73999999999995,0.0,0
user_015,6.006,4.270515659730099,0.08280000000000001,563.8000000000001,64.0,286.1,0.0,0
user_015,3.7900000000000005,1.6880165875962239,0.1026,386.7800000000001,43.8,411.2199999999999,0.2,0
user_015,3.054,0.4818547498987636,0.10719999999999999,282.7,30.6,451.38,0.4,0
user_015,5.8260000000000005,5.202417130526925,0.08600000000000001,208.77999999999997,79.4,378.08,0.4,1
user_015,5.49,5.375719486729196,0.085,211.64000000000001,80.2,369.5400000000001,0.6,0
user_015,6.574,5.30222066685271,0.0752,305.46,88.0,344.97999999999996,0.6,1
user_015,6.506,5.351749620451241,0.0776,337.12,89.0,378.26,0.6,0
user_015,6.390000000000001,5.424474168064588,0.08839999999999999,317.68,89.8,455.84,0.6,0
user_015,6.090000000000001,4.888038461387145,0.08960000000000001,525.32,59.4,468.62000000000006,0.6,1
user_015,6.1739999999999995,4.821736616614392,0.0954,547.68,61.8,493.21999999999997,0.6,0
user_015,5.256,4.750770884814379,0.11180000000000001,462.94000000000005,57.6,578.6600000000001,0.8,0
user_015,6.9079999999999995,4.934306030233634,0.0916,641.74,75.2,420.02,0.8,1
user_015,6.786,5.041244290847251,0.08820000000000001,639.3,76.6,353.62,0.8,0
user_015,4.872,3.120041025371301,0.094,574.9199999999998,68.8,361.58,1.0,1
user_015,4.91,3.092073737801219,0.09380000000000001,568.38,68.0,303.36,0.8,0
user_015,4.592,3.2676805229397807,0.094,574.4000000000001,65.4,243.68,0.8,0
user_015,2.874,1.1510621182195162,0.1186,375.0,45.4,374.14,0.6,0
user_016,3.662,2.013140829649034,0.1044,322.0,44.2,483.68,0.6,0
user_016,3.686,2.002933848133782,0.1102,354.86,47.4,405.3,0.6,0
user_016,2.6480000000000006,0.4874176853582561,0.1274,298.18,30.0,522.1400000000001,0.4,0
user_016,3.4520000000000004,1.477584515349291,0.11800000000000002,389.12,44.8,414.30000000000007,0.4,1
user_016,4.356,2.353487624781571,0.1014,493.38,58.6,378.44,0.6,1
user_016,4.3839999999999995,2.3286098857472886,0.09380000000000001,502.38,61.4,444.76000000000005,0.4,0
user_016,4.582,2.2324103565429,0.08580000000000002,471.26000000000005,61.6,517.3,0.4,0
user_016,4.832,2.034122906807747,0.0764,465.65999999999997,65.8,477.8,0.6,0
user_016,4.144,2.013043466992206,0.08980000000000002,399.9,49.0,551.44,0.6,0
user_016,3.1660000000000004,0.5448155651227304,0.1046,304.32000000000005,36.0,687.32,0.6,0
user_016,3.268,0.41715225038347814,0.10600000000000001,313.84000000000003,33.2,598.76,0.8,0
user_016,3.184,0.3179685519041152,0.1192,311.19999999999993,31.0,590.54,0.6,0
user_016,2.9800000000000004,0.2855170747958868,0.1266,323.56,26.6,592.1,0.4,0
user_016,4.042,2.0674370607106765,0.11140000000000001,374.14,39.2,532.5600000000001,0.4,1
user_016,4.15,2.030753554718051,0.10200000000000001,369.18,40.4,471.46000000000004,0.4,0
user_016,4.106,2.060180574609906,0.1018,359.08000000000004,43.6,502.1,0.4,0
user_016,3.8660000000000005,2.1885209617456263,0.0934,380.86,43.6,529.54,0.6,0
user_016,3.9800000000000004,2.1348348882290646,0.0884,364.76,44.8,508.3,0.6,0
user_016,5.382,4.907603895996498,0.07859999999999999,244.44,79.6,478.9,0.8,1
user_016,5.086,5.044654993158601,0.0866,233.7,78.2,521.54,0.6,0
user_016,4.998,5.090015324141962,0.08779999999999999,249.6,78.2,533.72,0.6,0
user_017,3.0980000000000003,0.6719047551550741,0.11339999999999999,258.44,32.4,652.5799999999999,0.4,0
user_017,2.9,0.7130778358636595,0.11179999999999998,287.28000000000003,30.8,681.5799999999999,0.2,0
user_017,3.25,0.6880988301109079,0.11379999999999998,296.53999999999996,31.6,696.54,0.2,0
user_017,2.9299999999999997,0.7918838298639518,0.10699999999999998,314.86,29.6,691.9999999999999,0.0,0
user_017,6.366,6.685083694315277,0.0892,272.36,66.4,515.76,0.0,1
user_017,6.164,6.772144711980097,0.0924,289.2,66.6,513.9200000000001,0.0,0
user_017,6.266,6.7177037743562344,0.096,277.80000000000007,65.2,431.1,0.0,0
user_017,6.247999999999999,6.724136821927405,0.10600000000000001,286.38,64.0,482.82000000000005,0.0,0
user_017,6.302,6.6912103538896455,0.1142,258.53999999999996,65.4,477.93999999999994,0.0,0
user_017,3.1540000000000004,0.6106586607917718,0.12779999999999997,300.82,30.0,565.78,0.0,0
user_017,3.08,0.662057399324258,0.1282,277.12,32.2,552.6199999999999,0.2,0
user_017,3.078,0.662703553634655,0.1268,259.6,33.2,605.14,0.4,0
user_017,2.73,0.6435215614103386,0.11479999999999999,264.65999999999997,37.4,554.8,0.6,0
user_017,2.7920000000000003,0.6153503067359276,0.11699999999999999,262.7,36.4,478.58000000000004,0.6,0
user_017,2.676,0.41605768830776346,0.12940000000000002,282.82,33.4,494.4,0.6,0
user_017,2.91,0.5523404747074038,0.1278,297.82,31.2,567.6199999999999,0.6,0
user_017,2.84,0.5759166606376309,0.1252,295.02,34.2,549.72,0.4,0
user_017,2.95,0.45899891067408877,0.1376,297.46,31.0,510.84,0.4,0
user_017,6.144,6.242841019920339,0.11300000000000002,254.0,78.2,454.32,0.6,1
user_017,9.024000000000001,7.479440085995743,0.08760000000000001,191.6,125.0,354.26,0.8,1
user_017,8.982000000000001,7.509970439355937,0.07760000000000002,194.94,127.4,310.04,0.6,0
user_018,6.058,5.847571803748971,0.0932,258.58000000000004,79.0,612.22,0.2,1
user_018,8.693999999999999,6.554899236449024,0.0684,201.44,132.4,442.2799999999999,0.4,1
user_018,8.732000000000001,6.526326378599219,0.0668,212.96000000000004,132.6,390.32,0.2,0
user_018,8.458000000000002,6.764641601740627,0.0692,217.84,131.6,340.43999999999994,0.4,0
user_018,8.594000000000001,6.65792940785647,0.0736,204.44,133.8,246.98000000000002,0.4,0
user_018,5.6259999999999994,5.039065786433037,0.08919999999999999,251.9,82.2,339.34000000000003,0.6,0
user_018,3.218,0.6377899340692044,0.11019999999999999,317.28000000000003,32.4,472.91999999999996,0.4,0
user_018,3.596,1.2191570858589145,0.0998,398.48,49.0,442.36,0.6,1
user_018,3.8880000000000003,0.9855232112943867,0.0978,396.4,49.4,503.14,0.4,0
user_018,4.304,1.1932577257239947,0.0876,494.2200000000001,64.8,452.35999999999996,0.4,1
user_018,6.622,4.0391454541771585,0.07339999999999999,661.98,84.0,371.48,0.4,1
user_018,6.692,3.988711070007453,0.0774,641.3,81.6,354.98,0.6,0
user_018,6.322000000000001,4.139117780397171,0.0858,569.4399999999999,65.8,469.3,0.6,0
user_018,6.1339999999999995,4.277955586492221,0.0954,574.36,69.8,377.21999999999997,0.8,0
user_018,5.672,4.424271239424636,0.1018,459.65999999999997,54.8,523.64,1.0,0
user_018,3.21,0.7061161377563893,0.1234,291.94,35.8,668.34,1.0,0
user_018,3.038,0.604827248063445,0.1214,299.82,35.8,715.8799999999999,0.8,0
user_018,2.912,0.4522565643525807,0.12,270.64,36.0,728.24,0.6,0
user_018,2.916,0.45000444442249676,0.10839999999999998,259.91999999999996,36.2,723.12,0.4,0
user_018,2.9299999999999997,0.46475800154488994,0.11279999999999998,294.9599999999999,36.0,670.32,0.2,0
user_018,4.098000000000001,1.9682926611660168,0.0986,404.71999999999997,46.6,545.76,0.2,1
user_019,3.084,0.621404859974558,0.11599999999999999,305.84,32.6,479.34,0.8,0
user_019,2.8560000000000003,0.5951672033974991,0.1156,298.04,35.4,495.41999999999996,0.8,0
user_019,2.9480000000000004,0.6920809201242294,0.1204,293.0,32.8,528.0799999999999,1.0,0
user_019,2.79,0.5814120741780309,0.12940000000000002,281.38,28.8,568.3800000000001,1.0,0
user_019,2.9739999999999998,0.6580151973928869,0.124,273.48,27.4,631.6400000000001,1.0,0
user_019,4.294,2.2396481866578957,0.11340000000000001,378.86,36.4,502.53999999999996,1.0,1
user_019,4.529999999999999,2.0923384047519655,0.11179999999999998,410.08000000000004,36.0,586.8399999999999,0.8,0
user_019,7.494,5.93724717356453,0.0884,347.66,75.4,480.43999999999994,0.8,1
user_019,7.355999999999999,6.048925855058896,0.08600000000000001,347.41999999999996,76.4,462.5,0.8,0
user_019,9.681999999999999,6.384175436185944,0.066,306.7,121.2,317.52000000000004,0.8,1
user_019,9.425999999999998,6.444996819238936,0.06620000000000001,273.2,123.4,308.56000000000006,0.6,1
user_019,10.760000000000002,5.76592056830477,0.046,487.34,149.0,148.88,0.6,1
user_019,9.66,4.557613410547235,0.0482,771.16,138.8,146.06,0.6,1
user_019,10.68,3.1266979387206564,0.0364,880.8799999999999,149.4,71.97999999999999,0.4,1
user_019,8.366,3.183900752222029,0.05800000000000001,925.4799999999999,104.8,237.33999999999997,0.2,0
user_019,7.556,3.787181537766575,0.0758,862.64,91.0,269.98,0.4,0
user_019,6.17,3.7901081778756662,0.0874,651.34,65.6,406.97999999999996,0.4,0
user_019,4.183999999999999,1.5800582267752035,0.1116,425.25999999999993,37.6,576.3399999999999,0.2,0
user_019,3.2960000000000003,0.25192062241904695,0.1246,319.5,30.0,680.3,0.4,0
user_019,3.6480000000000006,0.9029595782757941,0.1106,424.16,40.6,533.44,0.4,1
user_019,5.252,3.1809646335663646,0.0868,647.38,74.8,482.02,0.4,1
user_020,2.832,0.6562743328822178,0.099,305.41999999999996,36.6,548.0600000000001,0.2,0
user_020,2.892,0.6017108940346685,0.101,292.71999999999997,36.0,523.22,0.4,0
user_020,2.564,0.4361009057546201,0.10619999999999999,278.5,34.8,589.0400000000001,0.4,0
user_020,3.432,1.9726469527008628,0.09559999999999999,374.58000000000004,49.4,511.93999999999994,0.4,1
user_020,3.248,2.029654157732297,0.09179999999999999,356.2,48.4,573.24,0.6,0
user_020,6.715999999999999,6.6375435215145675,0.0772,302.64000000000004,82.6,466.65999999999997,0.8,1
user_020,6.746,6.618460848263741,0.0816,339.02000000000004,81.8,419.2,0.8,0
user_020,6.965999999999999,6.479520352618703,0.0738,344.76,82.6,318.47999999999996,0.8,0
user_020,6.2540000000000004,6.598207635411301,0.08520000000000001,250.86000000000004,65.6,393.4,0.6,0
user_020,6.35,6.542656952645461,0.083,251.84,67.2,413.86,0.4,0
user_020,3.0300000000000002,0.42137868954184204,0.1004,321.84000000000003,29.2,548.0400000000001,0.2,0
user_020,6.19,6.110577714095451,0.0764,243.68,79.2,493.46000000000004,0.0,1
user_020,6.136,6.137278224099019,0.0776,238.0,76.0,593.4399999999999,0.2,0
user_020,6.078,6.16097200123487,0.0756,247.48000000000002,77.0,638.1800000000001,0.2,0
user_020,6.326,6.045489558340168,0.0854,258.52,75.4,565.5400000000001,0.4,0
user_020,6.358,6.027189726564114,0.089,230.26,79.2,582.28,0.4,0
user_020,4.896,3.1137154654849244,0.0908,511.93999999999994,55.8,590.8199999999999,0.4,1
user_020,5.85,3.11738993390304,0.0834,627.7,73.4,454.9999999999999,0.2,1
user_020,5.904,3.0774313964733637,0.09,600.6600000000001,72.8,409.53999999999996,0.2,0
user_020,5.74,3.1951901351875756,0.08919999999999999,576.82,72.6,444.0,0.2,0
user_020,6.442,2.879474952139712,0.07680000000000001,697.4200000000001,83.0,315.65999999999997,0.2,1
user_021,10.558000000000002,6.341783345400567,0.047599999999999996,358.98,134.0,314.2,0.4,1
user_021,10.366000000000001,6.577253530159835,0.0522,371.72,133.8,219.3,0.4,0
user_021,7.5040000000000004,6.292607090864644,0.07980000000000001,428.28000000000003,95.8,277.0,0.6,0
user_021,6.730000000000001,5.933268913507967,0.0886,327.06,89.0,305.32000000000005,0.6,1
user_021,6.608,6.007323530491761,0.0854,331.44,86.2,308.06,0.6,0
user_021,3.778,2.1855928257568924,0.11379999999999998,382.98,43.2,381.34000000000003,0.6,0
user_021,3.7779999999999996,2.185592825756893,0.1204,375.36,43.4,387.91999999999996,0.6,0
user_021,4.736,2.417838704297704,0.1026,484.52,59.4,361.23999999999995,0.4,1
user_021,3.6740000000000004,1.839049754628732,0.11939999999999999,415.5200000000001,47.4,446.0799999999999,0.4,0
user_021,6.803999999999999,6.059939273623128,0.1,356.56,84.4,319.06,0.6,1
user_021,6.612,6.171017420166629,0.0944,350.58,82.0,318.91999999999996,0.4,0
user_021,6.926,5.968013404810684,0.08380000000000001,350.94,81.6,406.06000000000006,0.2,0
user_021,6.134,6.138109155106319,0.09659999999999999,250.04000000000002,62.8,517.64,0.4,0
user_021,8.74,6.855322020153394,0.0726,181.68,102.6,404.18,0.6,1
user_021,8.193999999999999,6.135968057283219,0.0736,181.68,120.0,405.18,0.6,1
user_021,8.27,6.069316271212104,0.0776,181.34,121.6,453.0400000000001,0.8,0
user_021,7.968000000000001,6.324869642925457,0.0842,168.72,123.4,463.76000000000005,1.0,0
user_021,8.097999999999999,6.232567368268072,0.0834,147.64000000000001,126.4,479.68,1.0,0
user_021,6.42,4.945814391988442,0.09,284.78000000000003,97.8,501.73999999999995,1.0,1
user_021,6.7299999999999995,5.529401414258147,0.09,284.78000000000003,91.0,500.36,0.8,1
user_021,6.7459999999999996,5.5188933673337095,0.09,318.78000000000003,92.4,487.66,0.8,0
user_022,9.39,6.176520055824315,0.0636,246.58,123.2,242.71999999999997,0.6,1
user_022,11.884,5.6704341985424715,0.0412,174.32,174.6,165.58,0.4,1
user_022,12.108,5.830685722966039,0.0408,174.32,164.4,167.48000000000002,0.4,1
user_022,11.992,6.021343371707015,0.0514,188.92000000000002,167.2,124.46,0.6,0
user_022,8.882000000000001,6.354070821135062,0.06520000000000001,242.6,126.0,266.91999999999996,0.8,0
user_022,7.730000000000001,6.899243436783486,0.0782,191.51999999999998,119.2,386.24,0.8,0
user_022,8.442,7.806016653838244,0.0792,191.51999999999998,107.8,384.23999999999995,1.0,1
user_022,7.186,6.824610172017153,0.0796,432.23999999999995,100.8,384.67999999999995,1.0,1
user_022,7.225999999999999,6.794735020587631,0.077,443.06000000000006,97.8,374.64,1.0,0
user_022,8.926,6.321394150027349,0.06580000000000001,657.5600000000001,120.2,235.78000000000003,0.8,1
user_022,12.262,6.340364027404105,0.04240000000000001,586.8,166.4,86.72,0.8,1
user_022,9.984,5.404733480940572,0.0516,719.46,140.6,104.53999999999999,0.8,1
user_022,8.628,5.955251128206098,0.077,534.9399999999999,110.0,194.94,0.8,0
user_022,11.66,5.777456187631369,0.0512,457.03999999999996,151.6,142.07999999999998,0.8,1
user_022,11.041999999999998,6.028304570938665,0.055999999999999994,347.71999999999997,140.6,152.57999999999998,0.8,1
user_022,7.935999999999998,5.067609298278628,0.081,405.88,93.4,284.68,0.6,0
user_022,6.795999999999999,5.57655305722092,0.09459999999999999,322.9,81.4,420.64,0.4,0
user_022,6.796000000000001,5.57655305722092,0.0894,327.5,79.6,492.08000000000004,0.2,0
user_022,4.008000000000001,1.7813859772660163,0.10939999999999998,373.84000000000003,38.0,560.26,0.2,0
user_022,3.178,0.5306750418099573,0.11599999999999999,284.92,28.6,612.08,0.4,0
user_022,4.68,3.176897857974033,0.093,498.26000000000005,55.4,491.84,0.4,1
user_023,7.6240000000000006,4.562313448240926,0.06420000000000001,460.3,106.8,327.7,0.4,1
user_023,7.672,4.516230286422516,0.0576,453.36,108.6,343.86,0.4,0
user_023,10.328,4.672320194507222,0.042,398.96000000000004,143.0,223.76,0.4,1
user_023,9.315999999999999,5.44864607035546,0.0508,268.74,128.6,333.46,0.4,0
user_023,8.388,5.864054570005297,0.05800000000000001,150.84,114.6,434.7200000000001,0.2,0
user_023,5.92,5.007777950348837,0.07780000000000001,199.2,69.4,581.4200000000001,0.0,0
user_023,5.640000000000001,5.176585747382148,0.0898,199.95999999999998,66.2,575.0200000000001,0.0,0
user_023,3.1980000000000004,0.7012959432365199,0.10700000000000001,266.26,30.2,714.9800000000001,0.2,0
user_023,5.164,4.097075054230762,0.09200000000000001,497.43999999999994,53.2,587.6,0.2,1
user_023,6.108,4.26062624504896,0.0834,601.72,61.0,499.03999999999996,0.2,1
user_023,6.0920000000000005,4.2728884843861765,0.087,601.32,59.0,416.78000000000003,0.2,0
user_023,8.734,4.96074026733914,0.062,553.88,103.8,260.78,0.4,1
user_023,8.6,5.101948647330744,0.06280000000000001,561.0,104.4,202.14,0.4,0
user_023,6.716000000000001,4.76908628565263,0.0854,353.98,80.4,303.04,0.6,0
user_023,7.464000000000001,5.289629854725187,0.08020000000000001,442.86,102.0,278.76000000000005,0.6,1
user_023,7.596000000000001,5.178411339397441,0.0824,436.56000000000006,102.4,360.0,0.8,0
user_023,7.006,4.383152290304319,0.0824,658.5400000000001,88.2,371.62000000000006,0.8,1
user_023,9.975999999999999,5.556814195202139,0.0638,585.1200000000001,130.8,289.44,0.8,1
user_023,10.308000000000002,5.218380591716169,0.045599999999999995,637.8,146.6,204.0,0.6,1
user_023,8.511999999999999,5.692449033588267,0.06119999999999999,450.38,118.2,256.96,0.6,0
user_023,10.121999999999998,5.145166275252919,0.0376,706.14,147.2,109.76000000000002,0.4,1
user_024,7.822,3.850430625267777,0.07700000000000001,801.18,99.4,303.9200000000001,0.4,1
user_024,7.710000000000001,3.972017119801978,0.077,793.0999999999999,100.0,396.86,0.6,0
user_024,6.168,3.985194600016416,0.1,568.64,76.4,481.08000000000004,0.4,0
user_024,6.112,4.031438452959439,0.1024,561.3,80.6,472.9599999999999,0.6,0
user_024,5.042,3.8915261787632884,0.10639999999999998,427.71999999999997,63.6,561.1600000000001,0.6,0
user_024,3.664,1.1536481265966672,0.10940000000000001,352.15999999999997,45.0,584.2,0.6,1
user_024,3.5119999999999996,1.2458796089510416,0.10540000000000001,356.2,43.8,540.9,0.6,0
user_024,3.6740000000000004,1.2278045447057118,0.10339999999999998,371.5200000000001,44.4,561.6600000000001,0.6,0
user_024,3.554,1.3421117688180817,0.093,377.71999999999997,41.8,562.5600000000001,0.4,0
user_024,3.54,1.343800580443393,0.09419999999999999,411.62,44.4,605.3399999999999,0.6,0
user_024,2.852,0.6513800733826604,0.11539999999999999,314.56000000000006,29.4,696.4000000000001,0.6,0
user_024,2.918,0.6265907755465284,0.12179999999999999,308.28000000000003,30.8,653.0400000000001,0.6,0
user_024,2.72,0.42000000000000004,0.1196,289.32,32.4,602.6600000000001,0.8,0
user_024,2.708,0.4382875768259923,0.1288,300.78000000000003,30.4,578.74,0.8,0
user_024,2.596,0.3137897385192831,0.14020000000000002,299.66,28.4,495.67999999999995,0.8,0
user_024,3.482,1.7415211741463266,0.12320000000000002,386.62,36.0,402.9,0.6,1
user_024,3.632,1.7091799203126627,0.1232,396.26,38.0,444.12,0.6,0
user_024,3.7920000000000003,1.6672900167637303,0.1258,408.41999999999996,35.6,539.14,0.6,0
user_024,3.804,1.6547338154518993,0.1256,386.25999999999993,39.8,542.8,0.8,0
user_024,4.322,1.6616064516003781,0.1068,429.34,46.8,500.88,0.8,1
user_024,3.34,1.239112585683803,0.123,340.65999999999997,43.2,644.22,1.0,0
user_025,2.754,0.6850576618066541,0.11560000000000001,308.94000000000005,31.4,635.62,0.4,0
user_025,2.426,0.29803355515780433,0.1272,289.8,28.8,629.16,0.2,0
user_025,4.426,3.886492506103672,0.11520000000000001,499.16,52.6,513.98,0.4,1
user_025,4.3420000000000005,3.927000891265496,0.1102,525.28,50.2,493.24000000000007,0.6,0
user_025,4.482,3.8828309260126175,0.11000000000000001,524.76,51.2,400.88,0.8,0
user_025,4.706,3.7672302823161736,0.1008,507.94000000000005,51.6,400.5,0.6,0
user_025,4.89,3.668847230398126,0.0938,508.43999999999994,51.4,391.54,0.6,0
user_025,3.018,0.429203914241238,0.11679999999999999,330.22,27.0,520.7,0.4,0
user_025,3.268,0.2649830183238164,0.12000000000000002,300.12,30.4,528.1800000000001,0.4,0
user_025,4.608,2.8204212451334287,0.0956,517.6600000000001,57.4,456.80000000000007,0.2,1
user_025,4.372,2.975159827639517,0.0988,525.3,57.0,539.6400000000001,0.2,0
user_025,4.1979999999999995,3.0587866875609357,0.0964,513.9,60.4,506.43999999999994,0.2,0
user_025,4.034,3.1489274364456223,0.09519999999999999,519.1400000000001,60.8,511.0,0.4,0
user_025,6.965999999999999,6.434704655226998,0.0722,473.08000000000004,94.4,399.94,0.2,1
user_025,5.442,6.383342071360425,0.0896,248.48000000000002,67.6,468.56000000000006,0.2,0
user_025,5.590000000000001,6.309979397747666,0.0964,259.84000000000003,68.0,408.24,0.4,0
user_025,5.813999999999999,6.211877654944598,0.1012,265.42,67.2,390.02,0.4,0
user_025,8.957999999999998,7.358256315187722,0.0782,186.73999999999998,113.8,245.83999999999997,0.2,1
user_025,5.925999999999999,5.90529796030649,0.0958,251.87999999999997,79.6,333.14,0.4,0
user_025,6.043999999999999,5.843429130228243,0.0954,251.96000000000004,80.0,378.56000000000006,0.6,0
user_025,6.207999999999999,5.759299957460108,0.09280000000000001,226.58,82.0,464.06000000000006,0.6,0
user_026,4.012,1.6982979714997013,0.1056,409.62000000000006,45.8,558.74,0.6,1
user_026,3.9739999999999993,1.7078477683915507,0.1012,382.03999999999996,48.6,463.14,0.6,0
user_026,4.934,2.3413380789625404,0.0866,478.17999999999995,64.2,421.08000000000004,0.4,1
user_026,5.196,2.066742364205079,0.096,491.5,63.6,368.53999999999996,0.6,0
user_026,5.026,2.2118462876068037,0.09059999999999999,481.71999999999997,62.2,337.82,0.8,0
user_026,4.306,1.9583932189425084,0.1046,388.62,49.2,466.8,0.6,0
user_026,4.074,2.1067757355732004,0.1036,399.21999999999997,50.0,549.8399999999999,0.6,0
user_026,3.036,0.45106983938188555,0.10899999999999999,281.14,35.6,656.8,0.8,0
user_026,4.0200000000000005,2.193745655266353,0.095,340.0,43.4,551.82,0.6,1
user_026,6.634,5.106860483702291,0.0756,280.7,88.4,474.14,0.6,1
user_026,7.196000000000001,4.892155353216003,0.0636,364.88,105.6,347.38,0.6,1
user_026,7.376,4.722692452404666,0.06260000000000002,367.52000000000004,104.4,301.36,0.4,0
user_026,7.449999999999998,4.655972508509903,0.06620000000000001,357.26000000000005,102.8,278.54,0.4,0
user_026,7.57,4.684749726506209,0.0656,400.54,104.2,279.42,0.6,1
user_026,4.952,2.3642368747653015,0.0912,444.6,62.4,368.74,0.6,0
user_026,4.242,2.3527974838476853,0.1092,347.26,45.0,413.18,0.6,0
user_026,4.388,2.3064206034459542,0.10739999999999998,349.15999999999997,42.4,384.02,0.8,0
user_026,4.346,2.3264015130669082,0.10559999999999999,367.68,40.8,369.96000000000004,0.6,0
user_026,3.042,0.5086609872990064,0.1156,254.42,33.0,488.0,0.4,0
user_026,3.2620000000000005,0.6028731209798626,0.11339999999999999,253.44,31.2,569.02,0.2,0
user_026,3.2079999999999997,0.6469435833208332,0.1008,274.7,33.2,558.5600000000001,0.4,0
user_027,6.15,5.9267090362190045,0.08360000000000001,350.02,80.8,416.02,0.6,0
user_027,3.2459999999999996,1.1703777168076979,0.10200000000000001,427.48,42.2,522.26,0.8,0
user_027,3.53,1.1263569594049658,0.0982,432.82,41.0,540.96,0.8,0
user_027,3.406,1.203837198295517,0.10419999999999999,452.66,44.6,466.6,0.8,0
user_027,3.078,0.7472456088863956,0.11239999999999999,348.26000000000005,35.2,519.0999999999999,0.6,0
user_027,3.25,0.5561654430113399,0.11179999999999998,323.62,35.0,540.5400000000001,0.6,0
user_027,3.218,0.55983569018061,0.11579999999999999,314.2,35.8,497.46000000000004,0.6,0
user_027,2.914,0.5062252463083997,0.1224,310.14,36.8,412.28000000000003,0.6,0
user_027,2.97,0.46324939287601874,0.1132,293.30000000000007,32.8,380.54,0.6,0
user_027,4.672,3.8156331060519952,0.101,481.7,64.8,300.64,0.6,1
user_027,4.645999999999999,3.828245551163091,0.09540000000000001,516.74,63.8,332.36,0.6,0
user_027,6.312,4.535757489108076,0.0752,688.4399999999999,94.2,268.44,0.4,1
user_027,6.628,4.301178443171127,0.067,689.72,94.6,375.4,0.4,0
user_027,8.67,4.379278479384475,0.05500000000000001,873.5200000000001,119.8,322.88,0.4,1
user_027,6.956,4.303475804509652,0.0664,684.34,85.2,447.36,0.4,0
user_027,6.9079999999999995,4.351305091578847,0.0716,666.0400000000001,82.2,452.34,0.4,0
user_027,5.081999999999999,3.9740578757738287,0.09340000000000001,483.08000000000004,53.6,599.52,0.4,0
user_027,7.884,6.404868773050701,0.075,412.26000000000005,103.4,434.03999999999996,0.2,1
user_027,5.7219999999999995,6.1598422057711835,0.0936,262.46,80.8,512.78,0.2,0
user_027,5.664,6.179752745862895,0.09340000000000001,247.32,81.6,456.2999999999999,0.2,0
user_027,5.627999999999999,6.198575320184468,0.08460000000000001,237.63999999999996,85.0,481.7200000000001,0.0,0
user_028,3.184,0.5117264894452895,0.11259999999999999,299.14,30.8,456.35999999999996,0.6,0
user_028,3.228,0.5404960684408352,0.10579999999999998,302.15999999999997,31.0,502.9,0.4,0
user_028,3.44,0.46273102338183464,0.11439999999999999,311.5,31.4,473.9200000000001,0.6,0
user_028,3.2600000000000002,0.5707188449665913,0.11979999999999999,293.04,31.6,483.16,0.6,0
user_028,5.984,5.7542839693570915,0.0926,239.98000000000002,82.6,384.66,0.4,1
user_028,6.168,5.655069937675396,0.09659999999999999,233.7,81.0,416.75999999999993,0.2,0
user_028,6.002,5.737830251933216,0.10200000000000001,248.1,82.0,411.67999999999995,0.2,0
user_028,5.898,5.783505511365921,0.09159999999999999,226.64000000000001,79.2,439.52,0.2,0
user_028,8.437999999999999,6.515419863677244,0.07139999999999999,170.2,116.2,337.36,0.4,1
user_028,5.648,4.827021441841749,0.09319999999999999,249.64000000000001,65.0,440.93999999999994,0.4,0
user_028,5.5280000000000005,4.887008901158253,0.09359999999999999,271.04,67.8,489.96000000000004,0.6,0
user_028,6.124,4.699755738333642,0.0774,348.58000000000004,74.0,384.96,0.8,1
user_028,6.106,4.711231686088045,0.0774,364.32,73.2,372.66,0.6,0
user_028,5.74,4.001104847414024,0.078,603.5,63.2,380.78000000000003,0.6,1
user_028,8.812000000000001,6.32416128826582,0.057800000000000004,524.0600000000001,110.4,272.98,0.8,1
user_028,8.958000000000002,6.1921156319952555,0.0512,515.1800000000001,110.4,288.82,0.8,0
user_028,8.284,6.663550405001826,0.06720000000000001,437.64000000000004,106.6,404.48,0.8,0
user_028,10.206,6.25592710954979,0.05500000000000001,655.5600000000001,141.2,333.78000000000003,0.8,1
user_028,7.964,6.682211011334497,0.0722,477.64000000000004,115.2,480.12,0.8,0
user_028,4.754,3.989489190360089,0.0912,518.1800000000001,69.0,584.5600000000001,0.6,0
user_028,7.839999999999999,6.842908738248669,0.078,459.2,111.6,421.52,0.6,1
user_029,4.352,3.0566216645178708,0.09380000000000001,453.53999999999996,62.6,560.72,0.2,0
user_029,7.316,5.569174445104049,0.0744,406.28,106.8,388.80000000000007,0.2,1
user_029,5.901999999999999,5.52174754946294,0.08720000000000001,243.0,76.8,446.62,0.2,0
user_029,5.812,5.5559028069252605,0.09219999999999999,236.58,77.4,450.1,0.4,0
user_029,6.866,5.310700895362117,0.0838,302.56,84.6,376.66,0.4,1
user_029,6.975999999999999,5.233165772264433,0.076,284.1,83.6,355.14,0.2,0
user_029,7.504,6.243468907586551,0.0758,284.1,74.4,355.5,0.4,1
user_029,7.561999999999999,6.205002497984992,0.0864,301.62,73.2,384.34,0.6,0
user_029,10.27,6.782167795034269,0.0654,230.34,109.8,285.53999999999996,0.6,1
user_029,12.042,7.03456437883683,0.0546,109.46,145.8,261.79999999999995,0.6,1
user_029,12.094,6.971761900696266,0.06240000000000001,131.5,147.8,181.04000000000002,0.6,0
user_029,8.864,6.498915601852358,0.0806,204.38,114.8,351.46000000000004,0.4,0
user_029,8.726,6.616550763048675,0.0762,204.06,113.4,427.32,0.4,0
user_029,7.948,5.763385810441636,0.0762,431.02,99.8,433.66,0.4,1
user_029,7.912000000000001,5.709729941074271,0.0774,431.02,89.4,430.08000000000004,0.4,1
user_029,7.828,5.773225788066841,0.0786,432.3,90.8,538.8399999999999,0.4,0
user_029,7.864,5.745936303162436,0.084,429.34,87.4,475.7,0.4,0
user_029,9.324000000000002,5.189460858316594,0.06340000000000001,571.36,111.0,317.67999999999995,0.2,1
user_029,7.417999999999999,5.17327517149436,0.085,418.71999999999997,88.6,406.88,0.2,0
user_029,7.037999999999999,4.5300834429400965,0.08760000000000001,651.24,77.0,412.53999999999996,0.4,1
user_029,7.9079999999999995,4.132787921004415,0.0688,745.0,87.0,264.38,0.6,1
user_030,4.87,4.602399374239485,0.08259999999999999,488.16,57.0,535.0799999999999,0.2,0
user_030,7.482000000000001,5.844527012513502,0.0688,408.19999999999993,102.4,368.43999999999994,0.4,1
user_030,5.33,4.958467505187464,0.0924,271.1,80.4,425.9,0.4,0
user_030,5.464,4.891754695403276,0.0982,259.7,80.4,452.1,0.4,0
user_030,6.206,4.82916390278897,0.0874,349.92,92.0,378.84000000000003,0.4,1
user_030,7.2219999999999995,4.354792302739592,0.0804,453.0,99.0,255.21999999999997,0.6,1
user_030,4.927999999999999,1.8592407052342632,0.0992,530.6,54.2,316.24,0.4,0
user_030,4.86,1.9244427764940168,0.0964,534.22,52.8,321.12,0.2,0
user_030,7.13,4.140275353161913,0.0748,672.6200000000001,82.4,204.01999999999998,0.2,1
user_030,9.322,6.084318860809318,0.06340000000000001,529.88,120.2,186.29999999999998,0.2,1
user_030,8.623999999999999,6.485036931274948,0.076,398.3,114.2,273.06,0.0,0
user_030,8.547999999999998,6.544021393608062,0.0814,367.48,115.4,348.9,0.0,0
user_030,8.376,6.699404749677392,0.0744,358.52000000000004,113.4,432.03999999999996,0.0,0
user_030,6.234,6.036766021637743,0.0934,212.62000000000003,84.2,498.12,0.0,0
user_030,5.1579999999999995,3.9034261873385026,0.0948,504.76000000000005,56.8,504.52,0.0,1
user_030,4.872,4.055077804432363,0.0974,524.7,54.0,477.6,0.2,0
user_030,4.970000000000001,4.022660810955853,0.09419999999999999,527.78,52.8,474.44000000000005,0.2,0
user_030,5.728000000000001,3.7487779342073595,0.089,642.8,68.8,343.12,0.2,1
user_030,7.744,4.797968736871886,0.07100000000000001,795.78,96.4,269.03999999999996,0.2,1
user_030,5.93,4.197861360264295,0.0926,582.5799999999999,72.8,429.06000000000006,0.4,0
user_030,6.202,3.985400356300481,0.086,568.3799999999999,75.4,518.4,0.2,0
user_031,5.13,2.9575395179101154,0.101,461.34000000000003,66.8,453.82000000000005,0.6,1
user_031,5.61,2.8685606146637372,0.0832,544.26,77.4,367.0,0.6,1
user_031,5.362,3.079210288369406,0.09,568.62,74.6,464.14,0.6,0
user_031,5.048,3.287341783265013,0.09019999999999999,570.46,75.2,432.18,0.6,0
user_031,4.99,3.3162207405418593,0.07879999999999998,572.02,72.4,474.17999999999995,0.8,0
user_031,3.2400000000000007,1.439555486947273,0.099,400.98,45.8,538.5,0.6,0
user_031,2.6180000000000003,0.3861295119516248,0.10899999999999999,313.44,33.4,592.9399999999999,0.6,0
user_031,2.696,0.360643868657156,0.099,296.23999999999995,35.8,569.24,0.4,0
user_031,6.0120000000000005,6.446203223603798,0.0854,236.85999999999999,70.2,426.7,0.2,1
user_031,5.816,6.541998471415291,0.091,248.32,69.8,410.62,0.0,0
user_031,6.514,6.310646876509572,0.07719999999999999,361.88,75.6,368.34,0.2,1
user_031,6.666000000000001,6.23089913254901,0.07799999999999999,363.38,77.2,349.28000000000003,0.2,0
user_031,6.8,6.151510383637501,0.0812,370.06,75.2,292.8,0.4,0
user_031,4.784000000000001,2.3132712767853234,0.08659999999999998,524.12,55.6,318.84,0.4,1
user_031,8.204,5.899513878278447,0.065,453.52,97.8,221.85999999999999,0.6,1
user_031,9.790000000000001,6.097287921691087,0.05720000000000001,502.17999999999995,118.0,201.6,0.4,1
user_031,9.542,6.360306281933285,0.0548,500.7999999999999,118.8,259.28000000000003,0.4,0
user_031,11.438,5.616252843311099,0.0372,677.3599999999999,138.4,184.2,0.2,1
user_031,10.396,6.4313376524639105,0.0494,566.78,122.4,303.44,0.4,0
user_031,7.156000000000001,5.0329498308646,0.06799999999999999,646.3199999999999,80.4,386.16,0.2,0
user_031,5.022,3.946382647438031,0.0882,496.71999999999997,50.6,438.9,0.2,0
user_032,4.088,1.0075594275277264,0.1058,349.52,42.4,602.9599999999999,0.4,0
user_032,4.64,1.360073527424161,0.091,432.96000000000004,56.4,531.8599999999999,0.2,1
user_032,3.91,1.3813761254633006,0.1004,361.4,47.6,644.6,0.2,0
user_032,6.609999999999999,5.539873644768443,0.0872,309.74000000000007,92.6,475.96000000000004,0.0,1
user_032,6.3100000000000005,5.7336027068502045,0.0868,327.0,92.0,511.2200000000001,0.2,0
user_032,8.459999999999999,6.174155812740718,0.06520000000000001,488.03999999999996,117.0,343.6,0.2,1
user_032,7.85,6.480725268054495,0.0706,403.84000000000003,102.0,497.53999999999996,0.2,0
user_032,8.046000000000001,6.32621403368555,0.0744,391.42,101.8,507.23999999999995,0.2,0
user_032,5.0280000000000005,4.5117287152487355,0.0978,440.9,59.4,632.8399999999999,0.4,0
user_032,5.386,4.33017597794824,0.0954,426.02,56.0,603.22,0.2,0
user_032,3.9339999999999997,1.4922010588389218,0.09899999999999999,341.41999999999996,47.8,622.9000000000001,0.4,1
user_032,5.273999999999999,2.8481474680921983,0.0872,543.86,71.8,463.38,0.4,1
user_032,5.257999999999999,2.8588906939580605,0.08120000000000001,547.6800000000001,69.2,486.93999999999994,0.4,0
user_032,5.561999999999999,2.591149551839878,0.08080000000000001,549.3,67.2,459.82,0.4,0
user_032,5.372,2.7395649289622614,0.0848,568.38,67.0,444.6,0.6,0
user_032,5.82,3.0847755185750554,0.086,571.8199999999999,64.8,443.84,0.4,1
user_032,4.53,2.2362557993217145,0.0974,384.7,39.4,604.9399999999999,0.6,0
user_032,7.053999999999999,4.931995944848293,0.081,332.88,75.0,434.4799999999999,0.8,1
user_032,6.766,5.152469699086061,0.074,350.18,77.6,434.68,0.6,0
user_032,6.764,5.153967791905573,0.0774,336.04,81.6,416.48,0.6,0
user_032,5.636,5.16708273593524,0.09419999999999999,265.8,67.6,474.21999999999997,0.6,0
user_033,5.106,3.199116127932839,0.0944,562.4,55.6,434.18,0.6,0
user_033,5.494,3.9717734074340143,0.0978,481.93999999999994,68.4,433.84,0.8,1
user_033,7.912000000000001,5.534543883645698,0.07980000000000001,413.26000000000005,100.8,271.82000000000005,0.6,1
user_033,7.572,5.82207317027191,0.06999999999999999,401.3,99.8,271.68,0.6,0
user_033,7.746,5.69076655644914,0.06720000000000001,391.68,97.2,268.02,0.4,0
user_033,7.544,5.847972640154876,0.0658,395.34000000000003,98.0,265.82000000000005,0.4,0
user_033,5.292,5.297578314664164,0.081,225.32000000000002,63.4,342.38,0.4,0
user_033,4.196,3.129189032321314,0.084,499.2,58.4,349.64,0.4,1
user_033,5.468,3.302437887379564,0.0744,630.98,65.4,306.58000000000004,0.4,1
user_033,5.236,3.452324434348544,0.08020000000000001,635.74,65.6,262.46000000000004,0.4,0
user_033,5.417999999999999,3.333127060284381,0.08339999999999999,608.46,68.6,253.9,0.2,0
user_033,5.598,3.172200498077005,0.0814,644.36,67.6,258.47999999999996,0.2,0
user_033,4.162,2.1661523492127697,0.098,443.41999999999996,39.0,316.26000000000005,0.2,0
user_033,3.2299999999999995,0.4169892084934574,0.11579999999999999,317.38,31.8,386.0,0.4,0
user_033,3.1959999999999997,0.4711942274688858,0.1038,303.3,32.8,491.7200000000001,0.4,0
user_033,3.1100000000000003,0.43474130238568315,0.10300000000000001,303.1,31.8,587.28,0.4,0
user_033,3.054,0.45635950740616765,0.10639999999999998,275.66,32.2,558.9599999999999,0.4,0
user_033,3.094,0.47238120199686184,0.1024,259.56,29.2,553.7,0.6,0
user_033,2.9259999999999997,0.3196623218335248,0.097,259.66,29.4,630.86,0.4,0
user_033,6.004,5.906232640186128,0.083,201.0,65.2,464.66,0.4,1
user_033,5.8740000000000006,5.974815813060683,0.0876,226.35999999999999,65.2,445.24000000000007,0.4,0
user_034,5.716,4.9269446922002285,0.077,358.41999999999996,81.4,272.65999999999997,0.4,1
user_034,5.970000000000001,4.7666885780382175,0.07339999999999999,349.1,81.2,354.82,0.6,0
user_034,6.226000000000001,4.612862885454109,0.0702,348.56,82.4,397.88,0.4,0
user_034,6.236,4.605277841781102,0.0688,332.94000000000005,81.6,402.28000000000003,0.4,0
user_034,5.48,4.903888253212955,0.086,235.48000000000002,70.8,525.36,0.2,0
user_034,3.556,1.1891946854909838,0.0968,387.9,48.8,541.96,0.2,1
user_034,4.9799999999999995,3.0229058867255523,0.0844,585.24,69.4,401.17999999999995,0.0,1
user_034,7.744,5.816963469027462,0.06720000000000001,509.8,115.4,290.86,0.0,1
user_034,7.721999999999999,5.835948594701636,0.0634,509.26000000000005,115.6,338.62,0.2,0
user_034,7.981999999999999,5.603575287260803,0.056999999999999995,502.7000000000001,119.0,281.18,0.4,0
user_034,7.531999999999999,5.861983964495296,0.0712,428.16,103.4,365.36,0.6,0
user_034,8.044,6.2041618289661,0.07,456.14,101.6,369.6,0.6,1
user_034,5.159999999999999,3.9793114982368496,0.09380000000000001,500.9599999999999,52.6,447.93999999999994,0.6,0
user_034,7.696,5.36930014061423,0.08080000000000001,450.08000000000004,100.2,306.24,0.4,1
user_034,7.635999999999998,5.418533380906682,0.082,447.12,99.0,332.6,0.2,0
user_034,10.41,6.025495830220116,0.058199999999999995,369.23999999999995,142.6,230.76,0.2,1
user_034,8.512,6.3643519701537565,0.07120000000000001,137.6,124.0,299.08,0.4,0
user_034,11.082,6.343319005063517,0.04660000000000001,92.78,162.4,222.98000000000002,0.6,1
user_034,8.538,6.671702631262878,0.06280000000000001,143.98,113.0,390.32,0.8,0
user_034,11.34,6.736901364870946,0.0422,97.58,161.4,266.97999999999996,0.8,1
user_034,8.302000000000001,6.8291651027047235,0.0668,166.82,117.0,324.29999999999995,0.8,0
user_035,3.838,1.8014372040123963,0.1076,310.67999999999995,45.4,407.68,0.4,0
user_035,3.872,1.797658477019481,0.10459999999999998,317.5,45.0,443.5200000000001,0.6,0
user_035,3.168,0.6661351214280778,0.1232,262.88,34.6,517.8399999999999,0.6,0
user_035,3.272,0.5969723611692589,0.11279999999999998,270.78000000000003,32.8,585.72,0.8,0
user_035,4.9879999999999995,2.9019951757368583,0.09359999999999999,451.05999999999995,56.6,507.5,0.6,1
user_035,4.712000000000001,3.0782943329058057,0.083,480.34,54.8,507.5,0.6,0
user_035,4.686,3.08693116217385,0.08520000000000001,510.93999999999994,53.6,534.3,0.6,0
user_035,4.696,3.0839299602941694,0.07880000000000001,491.03999999999996,54.4,564.74,0.6,0
user_035,4.834,3.022459925292641,0.08760000000000001,473.8,54.2,486.2,0.6,0
user_035,4.726,2.8106483237858133,0.08960000000000001,500.5,51.4,489.36,0.8,1
user_035,4.784000000000001,2.7615184228970846,0.0884,507.1,50.8,509.41999999999996,1.0,0
user_035,4.508,2.928947933985854,0.08739999999999999,482.14000000000004,50.6,472.41999999999996,0.8,0
user_035,5.442,3.2752001465559326,0.07699999999999999,581.0,55.2,361.06,0.8,1
user_035,5.2700000000000005,3.3804319250651984,0.0746,601.98,57.6,425.75999999999993,0.8,0
user_035,3.6340000000000003,2.4298526704308645,0.092,399.61999999999995,35.4,540.4399999999999,0.8,0
user_035,3.838,2.371559824250698,0.091,392.65999999999997,36.8,586.6600000000001,0.6,0
user_035,6.384,4.8337174100271945,0.0758,559.6200000000001,70.4,464.35999999999996,0.6,1
user_035,5.438000000000001,4.797571885860597,0.0834,456.6,63.6,509.14,0.4,0
user_035,6.632,4.7575851017086395,0.06760000000000001,519.08,73.8,402.02,0.4,1
user_035,6.864,4.552347086943174,0.0712,530.94,75.6,368.4,0.2,0
user_035,8.92,4.903708800489687,0.05800000000000001,727.4399999999999,100.2,209.5,0.2,1
user_036,5.568,4.251232291936069,0.09040000000000001,556.24,64.4,410.36,0.2,1
user_036,5.6259999999999994,4.222045002128708,0.0868,578.4399999999999,61.0,463.86,0.4,0
user_036,5.61,4.2313118533145255,0.08199999999999999,579.42,62.0,445.02,0.6,0
user_036,5.586,4.249920469844112,0.0848,597.4799999999999,64.6,406.38,0.8,0
user_036,7.290000000000001,5.277272022551045,0.0796,714.5,88.6,394.74,0.8,1
user_036,5.154000000000001,4.231357229069652,0.0954,515.58,67.2,556.6600000000001,0.6,0
user_036,4.95,4.324442160556666,0.0898,494.21999999999997,67.2,566.86,0.6,0
user_036,4.978,4.313005448640194,0.0912,492.08000000000004,65.6,548.24,0.4,0
user_036,5.29,4.158018758976444,0.0918,462.66,64.0,547.18,0.2,0
user_036,3.0140000000000002,0.5650345122202715,0.1162,286.86,28.4,629.4399999999999,0.4,0
user_036,4.087999999999999,2.3139092462756614,0.1076,350.65999999999997,35.2,474.76000000000005,0.4,1
user_036,6.57,4.7496736730011255,0.09480000000000001,299.78000000000003,73.6,340.65999999999997,0.4,1
user_036,6.3759999999999994,4.897993875047212,0.08760000000000001,331.76000000000005,75.0,373.42,0.4,0
user_036,6.24,4.97617121891922,0.083,330.06000000000006,77.2,403.36,0.6,0
user_036,7.336,4.548576040916542,0.06939999999999999,386.86,86.4,323.44000000000005,0.4,1
user_036,6.146,4.836654215467547,0.075,296.64000000000004,78.6,481.82,0.6,0
user_036,3.7079999999999997,1.9991238080719265,0.089,339.2800000000001,43.2,606.42,0.4,0
user_036,3.972,1.8793232824610033,0.0924,318.88,44.0,550.1800000000001,0.6,0
user_036,7.206,6.318292807396632,0.072,275.48,85.2,448.28000000000003,0.4,1
user_036,6.368,6.477046857943827,0.0834,186.72,79.6,574.08,0.4,0
user_036,6.544,6.384376555310627,0.09419999999999999,199.64000000000001,77.8,467.96000000000004,0.2,0
user_037,2.952,0.6525457838343606,0.11200000000000002,288.24,33.2,545.64,0.6,0
user_037,2.8,0.577408001330082,0.11100000000000002,283.66,29.4,603.8399999999999,0.4,0
user_037,2.7,0.4641120554348916,0.1096,310.36,29.2,565.1400000000001,0.4,0
user_037,2.8419999999999996,0.3996698637625809,0.10559999999999999,315.0,30.2,595.3,0.4,0
user_037,3.196,0.3778147694307357,0.11159999999999999,320.88,28.8,574.08,0.4,0
user_037,4.154,1.9936760017615702,0.0964,419.1,45.4,512.5400000000001,0.2,1
user_037,5.337999999999999,2.5250536627961,0.08399999999999999,491.4200000000001,58.8,373.74,0.4,1
user_037,5.92,2.261442017828448,0.075,570.76,74.8,261.12,0.4,1
user_037,6.0600000000000005,2.086940344140196,0.07899999999999999,545.76,74.8,240.08,0.4,0
user_037,5.9479999999999995,2.212197097909678,0.08559999999999998,534.5200000000001,75.6,281.34,0.6,0
user_037,6.45,2.8341347886083335,0.079,636.12,86.2,261.65999999999997,0.6,1
user_037,5.288,2.8561890693719842,0.0886,555.9,77.6,396.08,0.6,0
user_037,4.748,2.924936922396789,0.1092,446.88,62.2,463.2799999999999,0.8,0
user_037,4.632000000000001,2.9779952988545837,0.10419999999999999,478.5400000000001,59.6,459.05999999999995,0.8,0
user_037,4.524,3.032903559297592,0.0924,489.86,57.8,494.76000000000005,0.6,0
user_037,2.8939999999999997,0.2890397896484149,0.10339999999999998,302.92,29.0,557.34,0.6,0
user_037,2.8139999999999996,0.32647205087112735,0.10200000000000001,305.9,26.2,512.38,0.6,0
user_037,2.918,0.5009351255402239,0.09419999999999999,311.7,27.4,547.88,0.6,0
user_037,6.178,6.604693482668216,0.07880000000000001,236.97999999999996,70.6,475.14000000000004,0.4,1
user_037,6.398,6.505417434723157,0.0872,231.06,69.2,415.46000000000004,0.4,0
user_037,8.228,6.418191022398758,0.0758,468.1,95.8,354.88,0.4,1
user_038,3.8979999999999997,1.395297817671912,0.1146,378.94000000000005,43.0,408.96000000000004,0.4,0
user_038,3.7980000000000005,1.5021504585093999,0.10299999999999998,379.0400000000001,39.8,478.16,0.6,0
user_038,3.036,0.5824637327765567,0.11039999999999998,268.64,30.2,608.9200000000001,0.6,0
user_038,4.992,4.01598007963187,0.08460000000000001,481.71999999999997,54.4,537.6400000000001,0.8,1
user_038,5.0520000000000005,3.99648045159738,0.0826,485.85999999999996,54.2,576.9999999999999,0.8,0
user_038,6.0920000000000005,4.164192118526714,0.0738,596.88,64.8,460.0999999999999,0.6,1
user_038,9.16,5.494477227180035,0.05720000000000001,551.8,103.8,294.18,0.4,1
user_038,9.248000000000001,5.39403522420831,0.0648,555.04,103.6,260.18,0.6,0
user_038,7.209999999999999,5.537219518856012,0.08620000000000001,315.56,79.8,335.7,0.4,0
user_038,6.9159999999999995,5.74199129222607,0.08499999999999999,299.78000000000003,78.6,388.58000000000004,0.4,0
user_038,5.93,5.751942280656162,0.1022,194.3,69.0,489.17999999999995,0.6,0
user_038,4.459999999999999,2.834790997586947,0.1034,449.62,51.8,497.62000000000006,0.8,1
user_038,4.57,2.7945375288229712,0.1006,467.0799999999999,54.8,542.5600000000001,0.6,0
user_038,4.732,2.7064249481557767,0.1034,502.69999999999993,57.6,597.8799999999999,0.8,0
user_038,4.67,2.7621151315613184,0.11120000000000001,534.3399999999999,59.4,549.48,0.8,0
user_038,4.664,2.763813307732633,0.1126,555.38,58.2,554.76,0.8,0
user_038,3.1540000000000004,0.7235634042708351,0.13140000000000002,379.64,38.0,691.4199999999998,0.8,0
user_038,2.82,0.7516382108434883,0.1366,344.88,36.6,661.9999999999999,1.0,0
user_038,2.5759999999999996,0.6648187722981355,0.12579999999999997,322.0,36.2,634.18,0.8,0
user_038,5.8100000000000005,6.255682216992804,0.09940000000000002,248.32000000000002,81.0,523.0600000000001,0.8,1
user_038,5.476,6.393410983191994,0.099,240.43999999999997,81.4,576.42,0.8,0
user_039,6.812,5.363787467825324,0.08080000000000001,332.14,88.2,429.5200000000001,0.6,1
user_039,6.864,5.351674878017161,0.08259999999999999,342.02,95.2,431.76000000000005,0.4,1
user_039,6.836,5.369017042252706,0.0784,341.02,95.6,495.9,0.4,0
user_039,7.172,5.203504203899522,0.06839999999999999,404.32,106.0,369.04,0.6,1
user_039,10.05,6.472433854432195,0.0518,329.34,148.4,223.77999999999997,0.6,1
user_039,7.214,5.664908119290197,0.0758,409.09999999999997,105.4,294.96,0.6,0
user_039,6.85,5.805928005065168,0.0914,345.32,91.4,381.52,0.8,0
user_039,9.511999999999999,6.633657814509277,0.0722,284.43999999999994,140.8,222.44,0.8,1
user_039,9.032,7.002009425871976,0.081,219.8,130.4,284.65999999999997,0.6,0
user_039,9.012,6.975372104769752,0.07980000000000001,219.8,137.8,287.71999999999997,0.6,1
user_039,8.842,7.1220570062307145,0.0794,181.04000000000002,138.2,325.43999999999994,0.6,0
user_039,10.106,6.679902993307612,0.0558,337.82,164.6,229.9,0.4,1
user_039,8.34,5.793002675642399,0.0654,487.12,123.8,248.61999999999998,0.4,1
user_039,8.536,5.617521161508874,0.0612,491.12000000000006,119.6,253.93999999999997,0.4,0
user_039,5.282000000000001,3.2398543177124495,0.08259999999999999,542.5400000000001,66.6,319.47999999999996,0.6,0
user_039,5.3260000000000005,3.201959400117372,0.0736,546.68,68.8,319.32,0.4,0
user_039,3.718,2.2036551454345124,0.09359999999999999,375.64000000000004,42.2,428.32,0.4,0
user_039,2.8880000000000003,0.7766440626181339,0.1008,267.24000000000007,31.8,535.28,0.4,0
user_039,2.65,0.6213855485928201,0.10880000000000001,271.82000000000005,36.4,590.6800000000001,0.6,0
user_039,6.162,6.725127210692746,0.0886,220.4,75.0,522.7,0.6,1
user_039,6.106,6.7553196815546785,0.0982,230.63999999999996,75.8,532.72,0.6,0
user_040,3.2879999999999994,0.2786682615584345,0.13040000000000002,286.88,31.0,583.9,0.8,0
user_040,5.5840000000000005,4.546227447015823,0.11440000000000002,494.2799999999999,49.4,514.28,1.0,1
user_040,5.422,4.632987804861998,0.1044,471.17999999999995,48.0,506.76000000000005,0.8,0
user_040,5.3180000000000005,4.696085178103139,0.10500000000000002,490.62,48.8,469.28000000000003,0.8,0
user_040,5.362,4.680787967853276,0.0926,510.3,52.6,451.68,0.6,0
user_040,5.164,4.779077735295797,0.097,503.82,54.2,416.52,0.6,0
user_040,2.782,0.544367522910763,0.11940000000000002,277.86,36.2,504.2799999999999,0.4,0
user_040,4.308,3.029464639173067,0.10540000000000001,528.8799999999999,68.0,426.2,0.4,1
user_040,4.31,3.0281281346732998,0.0962,521.4199999999998,66.6,411.28000000000003,0.4,0
user_040,4.108,3.087189012678038,0.0994,508.87999999999994,65.4,459.43999999999994,0.4,0
user_040,4.353999999999999,2.990368539160349,0.097,495.9999999999999,61.4,514.6600000000001,0.2,0
user_040,4.2780000000000005,3.0346690099580877,0.098,505.0,61.6,569.8,0.2,0
user_040,2.986,0.6347787015960759,0.11499999999999999,280.97999999999996,31.2,659.4399999999999,0.4,0
user_040,3.2520000000000002,0.5618683119735441,0.1244,280.54,32.8,736.14,0.4,0
user_040,3.404,0.5232055045581994,0.1244,309.08000000000004,33.2,752.1,0.6,0
user_040,3.3480000000000003,0.5086609872990064,0.11779999999999999,316.15999999999997,37.4,678.32,0.6,0
user_040,3.372,0.46270508966295143,0.10859999999999999,303.64,35.8,687.1400000000001,0.8,0
user_040,3.0639999999999996,0.5689850613153213,0.1182,284.3,37.0,677.38,0.8,0
user_040,3.118,0.6288529239814346,0.11820000000000001,283.78000000000003,38.8,675.8399999999999,0.6,0
user_040,4.536,3.1177273774337615,0.1032,481.5,66.4,514.2,0.4,1
user_040,4.5120000000000005,3.1270586818926183,0.1076,473.76000000000005,63.0,572.5400000000001,0.4,0
user_041,7.752,4.904864524122965,0.0756,427.9200000000001,94.6,371.58000000000004,0.4,1
user_041,7.806,4.8529108790498094,0.06799999999999999,425.62,95.8,388.48,0.4,0
user_041,9.943999999999999,6.436180855134509,0.05900000000000001,281.52000000000004,118.0,366.4,0.6,1
user_041,9.111999999999998,6.956526144563822,0.0762,157.1,105.2,435.2,0.4,0
user_041,8.793999999999999,7.22022603524294,0.0708,160.11999999999998,102.2,358.3,0.6,0
user_041,6.635999999999998,6.013523426411506,0.0784,290.41999999999996,73.0,382.04,0.4,1
user_041,6.744,5.955775684157355,0.08120000000000001,297.7,71.2,274.26000000000005,0.6,0
user_041,3.622,1.2956604493462012,0.101,355.76,38.6,399.52,0.6,0
user_041,3.536,1.330632932104117,0.095,381.86,37.6,459.73999999999995,0.8,0
user_041,3.822,1.1744513612747016,0.1042,365.58000000000004,40.6,483.8,0.8,0
user_041,3.318,0.4240471671878023,0.11620000000000001,288.12,30.2,554.6,1.0,0
user_041,3.304,0.4101511916354748,0.11279999999999998,267.86,32.8,553.58,0.8,0
user_041,3.228,0.5190915140897604,0.11199999999999999,258.58000000000004,29.6,548.6,0.8,0
user_041,3.268,0.4939797566702505,0.10999999999999999,260.06,30.2,529.14,0.8,0
user_041,3.276,0.501342198503178,0.11080000000000001,263.84000000000003,27.2,512.64,0.6,0
user_041,3.1799999999999997,0.4951767361255978,0.10840000000000001,266.0,26.2,561.5,0.4,0
user_041,2.886,0.5395034754290281,0.1052,305.71999999999997,25.6,582.8599999999999,0.6,0
user_041,3.104,0.5230908142951852,0.1032,321.91999999999996,28.6,612.6800000000001,0.4,0
user_041,3.034,0.5509845732867663,0.10540000000000001,316.05999999999995,29.4,630.0400000000001,0.2,0
user_041,3.9019999999999997,2.135475591056943,0.0912,388.68,44.0,582.8000000000001,0.4,1
user_041,4.094,2.0902210409427995,0.09319999999999999,413.16,45.4,530.1,0.6,0
user_042,4.648000000000001,4.637048199016267,0.08859999999999998,436.0,58.4,472.71999999999997,0.6,0
user_042,2.5900000000000007,0.5668156666853873,0.10939999999999998,257.62,32.8,634.64,0.8,0
user_042,2.476,0.592,0.11359999999999999,253.4,31.8,700.9,0.8,0
user_042,2.806,0.705906509390585,0.11380000000000001,279.38,34.8,678.82,1.0,0
user_042,2.7380000000000004,0.7490901147392081,0.1234,284.26,35.0,731.2,1.0,0
user_042,3.408,1.2363721122704119,0.11320000000000001,378.32,42.8,590.54,0.8,1
user_042,3.8200000000000003,1.543463637407762,0.1,437.64,53.8,434.91999999999996,0.6,1
user_042,4.13,1.3086940054879137,0.1028,426.3,55.6,471.73999999999995,0.4,0
user_042,4.034000000000001,1.354261422325837,0.097,432.71999999999997,53.6,504.08000000000004,0.2,0
user_042,4.223999999999999,1.1219197832287298,0.0864,452.76000000000005,51.6,423.64,0.0,0
user_042,6.578,5.41203621569553,0.08080000000000001,304.15999999999997,79.8,393.44,0.0,1
user_042,6.1,5.5733795851350365,0.08580000000000002,245.23999999999995,69.8,529.8399999999999,0.0,0
user_042,6.542,5.449394094759526,0.07200000000000001,381.7,75.8,391.08000000000004,0.0,1
user_042,6.6819999999999995,5.370413019498593,0.06999999999999999,348.28,75.8,446.23999999999995,0.0,0
user_042,9.18,5.987964595753719,0.05500000000000001,280.64,110.2,369.5,0.2,1
user_042,6.8180000000000005,4.482907092501472,0.0654,423.53999999999996,80.6,390.54,0.2,1
user_042,6.867999999999999,4.444508521760308,0.072,427.0,79.6,407.92,0.2,0
user_042,6.459999999999999,4.607137940196712,0.09119999999999999,314.98,72.6,539.8599999999999,0.2,0
user_042,9.498,6.530673472161964,0.0728,273.26000000000005,116.4,383.32,0.2,1
user_042,8.738,5.976240958997554,0.0722,532.9,104.2,385.32,0.0,1
user_042,8.104,6.443432625549832,0.0772,439.5,95.4,485.55999999999995,0.0,0
user_043,6.244,6.205544617517467,0.09319999999999999,218.94,74.6,584.1800000000001,1.0,0
user_043,6.473999999999999,6.1341946496667346,0.07999999999999999,285.3,81.0,525.22,0.8,1
user_043,8.998000000000001,6.728373949179698,0.06020000000000001,230.18,132.2,362.42,0.8,1
user_043,10.053999999999998,6.033992376528164,0.0458,362.21999999999997,144.8,217.92000000000002,0.6,1
user_043,7.078,4.559716657863732,0.06999999999999999,414.28000000000003,103.8,314.04,0.6,0
user_043,7.008,4.622654648575859,0.07780000000000001,406.08,102.6,264.98,0.6,0
user_043,6.638000000000001,4.836078576698275,0.091,320.86,95.4,331.6,0.8,0
user_043,4.112,1.9586771045784959,0.10740000000000001,390.62,44.6,446.84,0.8,0
user_043,3.194,0.352170413294473,0.11579999999999999,282.52,36.0,511.73999999999995,0.8,0
user_043,3.2099999999999995,0.3779417944604697,0.11339999999999999,282.41999999999996,35.8,569.8199999999999,0.8,0
user_043,3.198,0.3933141238247108,0.10880000000000001,302.8,32.8,627.88,0.8,0
user_043,3.28,0.4207136793592526,0.10899999999999999,314.18,31.0,693.66,0.6,0
user_043,3.432,0.4037523993736755,0.11140000000000001,286.47999999999996,29.0,642.6800000000001,0.4,0
user_043,6.144,5.413016164764336,0.09459999999999999,221.51999999999998,79.2,565.56,0.4,1
user_043,6.7620000000000005,5.288509809010475,0.0828,302.7,90.0,429.03999999999996,0.2,1
user_043,6.742,5.304075414245163,0.0872,288.06000000000006,90.0,426.82,0.0,0
user_043,8.742,5.6111688621890545,0.06860000000000001,477.21999999999997,115.2,277.8,0.0,1
user_043,8.788,5.57035869581125,0.0704,499.9,113.6,350.3,0.2,0
user_043,6.004,4.079360734232755,0.0896,542.0600000000001,61.2,521.86,0.2,0
user_043,5.116,4.2624575071195725,0.1028,482.48,48.4,579.34,0.4,0
user_043,7.328,5.149859803916995,0.08080000000000001,696.3,81.0,417.5200000000001,0.4,1
user_044,3.196,0.4497377013326769,0.0962,327.26,29.4,440.86,0.2,0
user_044,3.084,0.5763540578498603,0.0958,310.52,28.2,471.2799999999999,0.4,0
user_044,2.95,0.4634652090502588,0.1062,324.08000000000004,24.4,436.36,0.4,0
user_044,2.898,0.49219508327491457,0.10940000000000001,297.62,27.8,442.58000000000004,0.4,0
user_044,3.2,1.0447392019063897,0.1046,370.66,41.0,389.54,0.4,1
user_044,3.254,1.0326780718113462,0.11059999999999999,349.06,42.0,460.66,0.6,0
user_044,3.558,0.9186381224399519,0.11480000000000001,333.3,42.8,513.4799999999999,0.6,0
user_044,3.5700000000000003,0.913214104139878,0.10540000000000001,333.28,47.2,549.0200000000001,0.6,0
user_044,3.66,0.8241116429222439,0.10300000000000001,338.93999999999994,46.8,605.32,0.4,0
user_044,3.344,0.3146172277546161,0.11019999999999999,282.64000000000004,34.6,688.8799999999999,0.6,0
user_044,3.382,0.2974827726104487,0.10800000000000001,287.06000000000006,36.8,619.88,0.6,0
user_044,3.05,0.5018366268019901,0.11240000000000001,297.62,36.2,567.76,0.6,0
user_044,6.152,6.288718152374139,0.095,230.95999999999998,76.0,439.35999999999996,0.8,1
user_044,8.408,6.752337076894192,0.0738,382.53999999999996,102.0,304.88,1.0,1
user_044,8.276,6.850192989982108,0.07139999999999999,390.46,104.8,274.1,0.8,0
user_044,8.124,6.965930232208761,0.0716,398.4,104.2,266.66,0.8,0
user_044,8.138000000000002,6.953949669072965,0.0708,392.48,104.4,287.9,0.8,0
user_044,8.168000000000001,6.999581130324872,0.0708,392.48,100.8,288.8,0.8,1
user_044,6.95,6.331517985443933,0.079,333.02,83.2,294.76,0.6,1
user_044,6.774000000000001,6.450812661982984,0.08399999999999999,327.88,82.0,285.26,0.6,0
user_044,6.82,6.421351882586719,0.0862,343.3,82.8,354.74,0.6,0
user_045,6.458,5.417871906939108,0.0856,368.46,90.8,356.04,0.6,0
user_045,6.562,5.349293037402232,0.0846,343.04,87.2,446.34,0.6,0
user_045,5.572000000000001,5.435944812081889,0.094,208.82,74.2,567.16,0.6,0
user_045,2.902,0.36983239447079275,0.11939999999999999,276.62,30.8,668.6800000000001,0.8,0
user_045,4.0,2.2308653029710244,0.1066,328.41999999999996,46.4,623.54,1.0,1
user_045,4.026000000000001,2.2102814300446,0.10840000000000001,331.56000000000006,46.8,588.8199999999999,1.0,0
user_045,4.488,2.23481005904305,0.09459999999999999,413.68,55.6,460.82,1.0,1
user_045,4.534000000000001,2.208389458406284,0.09159999999999999,417.06000000000006,57.6,416.36,1.0,0
user_045,7.130000000000001,4.9226781328866105,0.06659999999999999,349.26,104.8,311.3,0.8,1
user_045,5.9799999999999995,5.157689405150333,0.0792,273.06,86.2,361.15999999999997,0.6,0
user_045,5.967999999999999,5.166253574883835,0.0744,296.14,83.0,386.98,0.4,0
user_045,5.586,5.254379506659183,0.08499999999999999,204.4,74.6,448.96000000000004,0.4,0
user_045,5.33,5.386601897300376,0.0878,213.16000000000003,74.4,450.76000000000005,0.4,0
user_045,3.7840000000000003,2.3301725258014696,0.09359999999999999,389.28000000000003,36.8,475.2000000000001,0.6,1
user_045,3.85,2.301616823018115,0.0984,387.32000000000005,36.6,483.16,0.8,0
user_045,5.7299999999999995,3.668329320003863,0.0844,593.1,66.0,328.97999999999996,0.8,1
user_045,5.726000000000001,3.670638091667442,0.09040000000000001,595.3,68.8,321.84,0.8,0
user_045,5.7940000000000005,3.6048389700512287,0.0968,615.9200000000001,68.0,361.4,0.8,0
user_045,4.92,3.4109998534154173,0.1092,511.88,58.0,471.56000000000006,0.6,0
user_045,5.064,3.3405304967923883,0.10819999999999999,529.62,61.8,477.64,0.4,0
user_045,3.434,0.5327138068419102,0.125,317.4,34.2,560.28,0.6,0
user_046,4.86,4.336842169136434,0.0928,436.4,56.2,476.28000000000003,0.4,1
user_046,4.868,4.332663845718936,0.08700000000000001,461.46000000000004,59.2,505.44000000000005,0.6,0
user_046,7.982000000000001,6.466496423875916,0.0694,405.46000000000004,93.4,380.09999999999997,0.8,1
user_046,8.004000000000001,6.452300674953083,0.07139999999999999,400.56000000000006,92.8,368.28,0.6,0
user_046,8.008000000000001,6.44867552292717,0.0794,396.35999999999996,91.6,380.74,0.6,0
user_046,8.346,6.762244006245264,0.078,192.52,110.2,370.96,0.4,1
user_046,10.648,6.368850445724095,0.05900000000000001,323.7,132.4,232.61999999999998,0.2,1
user_046,7.6259999999999994,5.762001735508243,0.0786,397.28000000000003,97.2,324.53999999999996,0.0,0
user_046,10.042,6.200662545244662,0.059800000000000006,338.26000000000005,152.6,187.18,0.2,1
user_046,10.398,5.774971515081265,0.0506,319.41999999999996,153.4,213.76,0.4,0
user_046,8.144000000000002,5.678938633230684,0.06820000000000001,398.93999999999994,110.6,310.04,0.4,0
user_046,7.37,5.0378884465617135,0.0678,418.96000000000004,117.0,314.76,0.6,1
user_046,7.417999999999999,4.995079178551627,0.0626,423.84000000000003,116.0,300.3,0.8,0
user_046,5.258,2.590709555314914,0.06939999999999999,590.3,79.4,314.54,0.8,1
user_046,5.034000000000001,2.738332339216699,0.07980000000000001,608.2,79.0,368.64,0.8,0
user_046,4.662,2.9850587933908437,0.0856,604.42,79.2,393.4,0.8,0
user_046,3.2,1.0448923389517217,0.1032,454.43999999999994,47.4,535.1600000000001,0.8,0
user_046,3.982,1.8131894550763303,0.099,499.41999999999996,61.8,481.25999999999993,0.6,1
user_046,3.532,1.742829882690792,0.11080000000000001,411.32,47.2,577.3799999999999,0.6,0
user_046,3.496,1.7587450071002335,0.11100000000000002,425.98,43.6,603.22,0.4,0
user_046,3.5140000000000002,1.7439449532597064,0.10840000000000001,393.54,42.0,626.5600000000001,0.4,0
user_047,8.446,6.505215138640689,0.068,136.94,128.2,401.96,0.8,0
user_047,9.072,6.05940393108101,0.0644,271.32,135.2,360.32,0.6,1
user_047,9.174000000000001,6.186871907515138,0.0622,271.32,122.8,363.08000000000004,0.6,1
user_047,9.414,6.474833125262766,0.063,271.32,122.8,364.65999999999997,0.6,1
user_047,9.132000000000001,6.746063741175294,0.054000000000000006,271.28,124.6,322.74,0.4,0
user_047,9.812000000000001,6.25525826804937,0.0504,351.2,135.2,210.4,0.4,1
user_047,9.665999999999999,6.3537724227422565,0.046599999999999996,295.78000000000003,145.8,216.66,0.4,1
user_047,8.836,5.5589373085150005,0.0484,576.78,137.8,215.8,0.2,1
user_047,6.038000000000001,3.7133833629185125,0.06500000000000002,622.52,88.6,333.52,0.4,0
user_047,6.174000000000001,3.580779803338932,0.0744,641.74,88.4,338.68,0.4,0
user_047,5.628,3.6986884161821476,0.08120000000000001,569.52,77.4,405.82000000000005,0.4,0
user_047,5.040000000000001,3.9573577043274724,0.09419999999999999,503.36,59.2,460.03999999999996,0.4,0
user_047,4.2379999999999995,2.378683669595434,0.10459999999999998,357.21999999999997,39.8,486.34000000000003,0.4,1
user_047,5.208,2.8266616352156477,0.09519999999999999,484.82000000000005,46.8,393.62,0.4,1
user_047,5.305999999999999,2.75210900946892,0.0854,491.43999999999994,44.4,327.86,0.4,0
user_047,6.2139999999999995,2.8365937319256695,0.07479999999999999,598.2800000000001,58.2,251.00000000000006,0.2,1
user_047,6.305999999999999,2.708849202152087,0.071,594.88,58.8,283.4,0.4,0
user_047,6.156000000000001,2.5804387223881133,0.0684,618.4799999999999,56.6,272.64,0.4,1
user_047,8.168000000000001,5.628489673082824,0.06160000000000001,445.14,91.0,246.4,0.2,1
user_047,8.129999999999999,5.6612330812288585,0.06820000000000001,424.12,92.2,316.1,0.2,0
user_047,10.286,7.16469287548322,0.0616,259.28,120.4,291.62,0.2,1
user_048,5.516,6.01986245690049,0.09159999999999999,226.58,65.4,378.9,0.6,0
user_048,5.568,5.992660177250167,0.0852,254.78000000000003,63.8,410.48,0.4,0
user_048,5.486000000000001,6.037537908783679,0.0906,227.0,65.2,383.02,0.4,0
user_048,5.67,5.956599701171802,0.0878,226.92000000000002,67.2,403.26000000000005,0.6,0
user_048,2.9059999999999997,0.6059900989290172,0.1086,272.40000000000003,31.0,491.32,0.6,0
user_048,2.916,0.6052305345899198,0.11259999999999999,287.98,29.2,459.6,0.8,0
user_048,3.4939999999999998,1.1209032072395904,0.101,368.76000000000005,38.4,329.76,1.0,1
user_048,3.7879999999999994,0.8610087107573302,0.1,372.42,35.6,353.73999999999995,0.8,0
user_048,3.7159999999999997,0.904402565232983,0.11000000000000001,363.02000000000004,33.6,408.41999999999996,0.8,0
user_048,3.5780000000000003,0.9435337831789596,0.1046,366.86,34.4,408.71999999999997,0.8,0
user_048,3.772,0.8796908547893403,0.0962,365.23999999999995,33.4,433.4,0.6,0
user_048,3.274,0.3527945577811539,0.1026,290.46000000000004,25.6,493.26000000000005,0.4,0
user_048,3.0959999999999996,0.4132118100925964,0.1032,291.56000000000006,29.4,537.38,0.6,0
user_048,3.064,0.42240265150682943,0.0936,304.58000000000004,30.8,539.14,0.4,0
user_048,4.914,3.7120915936975476,0.081,458.7,57.0,448.58000000000004,0.2,1
user_048,4.888,3.7198301036472077,0.0862,444.46000000000004,59.6,433.6,0.2,0
user_048,7.994,6.345311970265922,0.0718,367.36,112.8,356.59999999999997,0.2,1
user_048,10.058,5.922686552570547,0.05120000000000001,567.7,131.0,230.8,0.2,1
user_048,9.924000000000001,6.088821232389731,0.05960000000000001,582.4399999999999,130.2,242.32,0.2,0
user_048,8.124,6.443302258935243,0.0758,443.86,104.0,313.58000000000004,0.2,0
user_048,7.882000000000001,6.6239788647005815,0.0742,469.71999999999997,101.4,413.9200000000001,0.2,0
user_049,5.51,4.706395648476656,0.09180000000000002,515.24,64.0,575.02,0.6,0
user_049,5.96,4.54094263341875,0.07899999999999999,621.94,76.4,468.5400000000001,0.4,1
user_049,6.154,4.415661218888968,0.077,629.9399999999999,73.6,501.4599999999999,0.2,0
user_049,6.01,4.494592306316559,0.0804,642.04,75.6,425.1,0.2,0
user_049,3.8,0.7296300432410936,0.10800000000000001,426.34000000000003,46.8,554.3799999999999,0.2,0
user_049,3.87,0.6716844497232313,0.10819999999999999,408.23999999999995,47.6,580.3399999999999,0.4,0
user_049,3.254,0.6162012658214846,0.1224,313.43999999999994,33.4,664.0000000000001,0.6,0
user_049,3.1079999999999997,0.5910465294712423,0.11139999999999999,321.74,33.4,612.6999999999999,0.8,0
user_049,3.082,0.5857439713731589,0.10900000000000001,338.21999999999997,31.6,601.3,0.8,0
user_049,2.936,0.45819646441237416,0.0978,315.82000000000005,31.2,597.56,1.0,0
user_049,2.66,0.49189429758841485,0.10400000000000001,323.76,31.0,571.46,1.0,0
user_049,2.78,0.4004497471593658,0.1032,292.64,30.4,587.4799999999999,0.8,0
user_049,2.6700000000000004,0.42185305498478975,0.1048,273.15999999999997,33.6,641.1,0.6,0
user_049,2.598,0.35996666512331393,0.10459999999999998,256.68,35.2,680.6600000000001,0.6,0
user_049,2.7060000000000004,0.5335391269625875,0.10659999999999999,266.58000000000004,36.2,720.92,0.4,0
user_049,2.872,0.4208277557386157,0.1002,279.56,35.0,757.36,0.2,0
user_049,5.0120000000000005,4.204014272097563,0.0794,471.14,58.4,639.78,0.2,1
user_049,5.781999999999999,3.997080934882355,0.0734,580.96,66.6,497.12,0.2,1
user_049,8.408,5.276947602544486,0.05700000000000001,519.9399999999999,112.8,374.0,0.2,1
user_049,8.208,5.469312205387438,0.0632,508.8,111.6,358.16,0.4,0
user_049,8.054,5.625767858701602,0.07,509.2999999999999,113.2,305.15999999999997,0.4,0
